origin,product_id,model,actual_units,absolute_error,signed_error
2025-08-01,SKU-001,seasonal_naive,184,64.0,36.0
2025-08-01,SKU-001,weekday_mean_8w,184,84.5,70.5
2025-08-01,SKU-002,seasonal_naive,54,44.0,-2.0
2025-08-01,SKU-002,weekday_mean_8w,54,34.25,6.5
2025-08-01,SKU-003,seasonal_naive,138,78.0,14.0
2025-08-01,SKU-003,weekday_mean_8w,138,39.0,12.5
2025-08-01,SKU-004,seasonal_naive,271,225.0,149.0
2025-08-01,SKU-004,weekday_mean_8w,271,171.25,73.0
2025-08-01,SKU-005,seasonal_naive,46,36.0,-2.0
2025-08-01,SKU-005,weekday_mean_8w,46,31.25,-1.5
2025-08-01,SKU-006,seasonal_naive,83,49.0,29.0
2025-08-01,SKU-006,weekday_mean_8w,83,42.0,17.5
2025-08-01,SKU-007,seasonal_naive,155,85.0,29.0
2025-08-01,SKU-007,weekday_mean_8w,155,69.75,0.0
2025-08-01,SKU-008,seasonal_naive,67,77.0,25.0
2025-08-01,SKU-008,weekday_mean_8w,67,53.5,23.5
2025-08-01,SKU-009,seasonal_naive,252,86.0,64.0
2025-08-01,SKU-009,weekday_mean_8w,252,71.0,31.5
2025-08-01,SKU-010,seasonal_naive,86,54.0,-2.0
2025-08-01,SKU-010,weekday_mean_8w,86,56.75,24.0
2025-08-01,SKU-011,seasonal_naive,164,66.0,44.0
2025-08-01,SKU-011,weekday_mean_8w,164,48.0,16.0
2025-08-01,SKU-012,seasonal_naive,92,54.0,0.0
2025-08-01,SKU-012,weekday_mean_8w,92,48.25,-5.0
2025-08-01,SKU-013,seasonal_naive,548,148.0,36.0
2025-08-01,SKU-013,weekday_mean_8w,548,96.5,-3.5
2025-08-01,SKU-014,seasonal_naive,74,44.0,-6.0
2025-08-01,SKU-014,weekday_mean_8w,74,41.75,-11.5
2025-08-01,SKU-015,seasonal_naive,125,79.0,15.0
2025-08-01,SKU-015,weekday_mean_8w,125,76.25,-2.5
2025-08-01,SKU-016,seasonal_naive,185,121.0,31.0
2025-08-01,SKU-016,weekday_mean_8w,185,127.5,-44.5
2025-08-01,SKU-017,seasonal_naive,313,101.0,19.0
2025-08-01,SKU-017,weekday_mean_8w,313,83.5,-4.0
2025-08-01,SKU-018,seasonal_naive,56,32.0,0.0
2025-08-01,SKU-018,weekday_mean_8w,56,31.75,-3.0
2025-08-01,SKU-019,seasonal_naive,461,95.0,-29.0
2025-08-01,SKU-019,weekday_mean_8w,461,100.0,-68.5
2025-08-01,SKU-020,seasonal_naive,69,47.0,-25.0
2025-08-01,SKU-020,weekday_mean_8w,69,37.75,-29.0
2025-08-01,SKU-021,seasonal_naive,376,132.0,28.0
2025-08-01,SKU-021,weekday_mean_8w,376,94.0,-44.0
2025-08-01,SKU-022,seasonal_naive,116,48.0,-4.0
2025-08-01,SKU-022,weekday_mean_8w,116,41.5,-8.5
2025-08-01,SKU-023,seasonal_naive,74,40.0,14.0
2025-08-01,SKU-023,weekday_mean_8w,74,31.0,-3.5
2025-08-01,SKU-024,seasonal_naive,13,21.0,-1.0
2025-08-01,SKU-024,weekday_mean_8w,13,16.5,2.0
2025-08-01,SKU-025,seasonal_naive,353,119.0,-61.0
2025-08-01,SKU-025,weekday_mean_8w,353,96.25,-50.5
2025-08-01,SKU-026,seasonal_naive,273,121.0,-53.0
2025-08-01,SKU-026,weekday_mean_8w,273,81.25,-51.0
2025-08-01,SKU-027,seasonal_naive,180,84.0,16.0
2025-08-01,SKU-027,weekday_mean_8w,180,66.5,0.0
2025-08-01,SKU-028,seasonal_naive,140,118.0,56.0
2025-08-01,SKU-028,weekday_mean_8w,140,102.25,37.0
2025-08-01,SKU-029,seasonal_naive,41,33.0,-9.0
2025-08-01,SKU-029,weekday_mean_8w,41,29.25,-13.5
2025-08-01,SKU-030,seasonal_naive,486,140.0,-70.0
2025-08-01,SKU-030,weekday_mean_8w,486,129.25,-107.0
2025-08-01,SKU-031,seasonal_naive,119,63.0,-35.0
2025-08-01,SKU-031,weekday_mean_8w,119,54.0,-12.5
2025-08-01,SKU-032,seasonal_naive,225,151.0,-1.0
2025-08-01,SKU-032,weekday_mean_8w,225,123.75,-61.5
2025-08-01,SKU-033,seasonal_naive,239,115.0,33.0
2025-08-01,SKU-033,weekday_mean_8w,239,64.0,-22.0
2025-08-01,SKU-034,seasonal_naive,227,91.0,-11.0
2025-08-01,SKU-034,weekday_mean_8w,227,58.0,-6.0
2025-08-01,SKU-035,seasonal_naive,92,68.0,-36.0
2025-08-01,SKU-035,weekday_mean_8w,92,42.75,-24.0
2025-08-01,SKU-036,seasonal_naive,87,67.0,-15.0
2025-08-01,SKU-036,weekday_mean_8w,87,58.25,-8.5
2025-08-01,SKU-037,seasonal_naive,206,76.0,-6.0
2025-08-01,SKU-037,weekday_mean_8w,206,76.0,-5.0
2025-08-01,SKU-038,seasonal_naive,148,78.0,-20.0
2025-08-01,SKU-038,weekday_mean_8w,148,60.75,-14.5
2025-08-01,SKU-039,seasonal_naive,429,123.0,-25.0
2025-08-01,SKU-039,weekday_mean_8w,429,95.0,-49.0
2025-08-01,SKU-040,seasonal_naive,290,214.0,-42.0
2025-08-01,SKU-040,weekday_mean_8w,290,161.25,-5.5
2025-08-01,SKU-041,seasonal_naive,750,186.0,14.0
2025-08-01,SKU-041,weekday_mean_8w,750,157.25,-41.0
2025-08-01,SKU-042,seasonal_naive,34,30.0,-2.0
2025-08-01,SKU-042,weekday_mean_8w,34,25.5,0.5
2025-08-01,SKU-043,seasonal_naive,242,76.0,-30.0
2025-08-01,SKU-043,weekday_mean_8w,242,52.5,-19.5
2025-08-01,SKU-044,seasonal_naive,144,122.0,-76.0
2025-08-01,SKU-044,weekday_mean_8w,144,60.75,-22.0
2025-08-01,SKU-045,seasonal_naive,119,49.0,5.0
2025-08-01,SKU-045,weekday_mean_8w,119,42.75,-1.5
2025-08-01,SKU-046,seasonal_naive,110,66.0,2.0
2025-08-01,SKU-046,weekday_mean_8w,110,50.25,-2.0
2025-08-01,SKU-047,seasonal_naive,103,59.0,1.0
2025-08-01,SKU-047,weekday_mean_8w,103,51.25,1.5
2025-08-01,SKU-048,seasonal_naive,87,99.0,81.0
2025-08-01,SKU-048,weekday_mean_8w,87,80.0,33.5
2025-08-01,SKU-049,seasonal_naive,152,104.0,-12.0
2025-08-01,SKU-049,weekday_mean_8w,152,58.75,-18.5
2025-08-01,SKU-050,seasonal_naive,27,37.0,13.0
2025-08-01,SKU-050,weekday_mean_8w,27,20.0,13.5
2025-08-01,SKU-051,seasonal_naive,76,44.0,-4.0
2025-08-01,SKU-051,weekday_mean_8w,76,41.0,15.5
2025-08-01,SKU-052,seasonal_naive,164,118.0,-44.0
2025-08-01,SKU-052,weekday_mean_8w,164,93.5,-39.5
2025-08-01,SKU-053,seasonal_naive,86,62.0,2.0
2025-08-01,SKU-053,weekday_mean_8w,86,37.0,23.5
2025-08-01,SKU-054,seasonal_naive,125,91.0,15.0
2025-08-01,SKU-054,weekday_mean_8w,125,48.5,3.5
2025-08-01,SKU-055,seasonal_naive,194,82.0,34.0
2025-08-01,SKU-055,weekday_mean_8w,194,57.75,19.0
2025-08-01,SKU-056,seasonal_naive,39,35.0,-27.0
2025-08-01,SKU-056,weekday_mean_8w,39,29.75,-3.5
2025-08-01,SKU-057,seasonal_naive,185,59.0,-17.0
2025-08-01,SKU-057,weekday_mean_8w,185,54.5,13.0
2025-08-01,SKU-058,seasonal_naive,264,82.0,52.0
2025-08-01,SKU-058,weekday_mean_8w,264,76.0,43.0
2025-08-01,SKU-059,seasonal_naive,48,32.0,-8.0
2025-08-01,SKU-059,weekday_mean_8w,48,18.5,-0.5
2025-08-01,SKU-060,seasonal_naive,29,45.0,39.0
2025-08-01,SKU-060,weekday_mean_8w,29,27.25,18.0
2025-08-01,SKU-061,seasonal_naive,118,68.0,-38.0
2025-08-01,SKU-061,weekday_mean_8w,118,61.5,0.5
2025-08-01,SKU-062,seasonal_naive,238,82.0,-14.0
2025-08-01,SKU-062,weekday_mean_8w,238,89.0,16.0
2025-08-01,SKU-063,seasonal_naive,171,73.0,13.0
2025-08-01,SKU-063,weekday_mean_8w,171,66.0,32.5
2025-08-01,SKU-064,seasonal_naive,135,97.0,9.0
2025-08-01,SKU-064,weekday_mean_8w,135,77.75,35.5
2025-08-01,SKU-065,seasonal_naive,30,32.0,10.0
2025-08-01,SKU-065,weekday_mean_8w,30,20.25,8.0
2025-08-01,SKU-066,seasonal_naive,55,55.0,13.0
2025-08-01,SKU-066,weekday_mean_8w,55,47.25,18.0
2025-08-01,SKU-067,seasonal_naive,151,79.0,-23.0
2025-08-01,SKU-067,weekday_mean_8w,151,55.5,6.5
2025-08-01,SKU-068,seasonal_naive,206,162.0,-2.0
2025-08-01,SKU-068,weekday_mean_8w,206,161.75,64.5
2025-08-01,SKU-069,seasonal_naive,56,40.0,-16.0
2025-08-01,SKU-069,weekday_mean_8w,56,40.5,10.5
2025-08-01,SKU-070,seasonal_naive,161,55.0,-13.0
2025-08-01,SKU-070,weekday_mean_8w,161,87.0,31.0
2025-08-01,SKU-071,seasonal_naive,45,27.0,7.0
2025-08-01,SKU-071,weekday_mean_8w,45,26.75,-4.0
2025-08-01,SKU-072,seasonal_naive,130,74.0,-30.0
2025-08-01,SKU-072,weekday_mean_8w,130,67.75,28.5
2025-08-01,SKU-073,seasonal_naive,92,60.0,0.0
2025-08-01,SKU-073,weekday_mean_8w,92,47.5,-12.5
2025-08-01,SKU-074,seasonal_naive,45,53.0,23.0
2025-08-01,SKU-074,weekday_mean_8w,45,36.25,9.5
2025-08-01,SKU-075,seasonal_naive,73,41.0,15.0
2025-08-01,SKU-075,weekday_mean_8w,73,35.5,-6.5
2025-08-01,SKU-076,seasonal_naive,162,90.0,-34.0
2025-08-01,SKU-076,weekday_mean_8w,162,87.75,-13.5
2025-08-01,SKU-077,seasonal_naive,277,83.0,-69.0
2025-08-01,SKU-077,weekday_mean_8w,277,67.0,-27.0
2025-08-01,SKU-078,seasonal_naive,499,91.0,-31.0
2025-08-01,SKU-078,weekday_mean_8w,499,87.75,-70.5
2025-08-01,SKU-079,seasonal_naive,12,16.0,8.0
2025-08-01,SKU-079,weekday_mean_8w,12,18.75,9.0
2025-08-01,SKU-080,seasonal_naive,79,57.0,1.0
2025-08-01,SKU-080,weekday_mean_8w,79,47.0,-11.5
2025-08-01,SKU-081,seasonal_naive,33,39.0,15.0
2025-08-01,SKU-081,weekday_mean_8w,33,30.5,-2.0
2025-08-01,SKU-082,seasonal_naive,227,71.0,-23.0
2025-08-01,SKU-082,weekday_mean_8w,227,60.75,-5.5
2025-08-01,SKU-083,seasonal_naive,100,78.0,-4.0
2025-08-01,SKU-083,weekday_mean_8w,100,53.75,-18.5
2025-08-01,SKU-084,seasonal_naive,116,68.0,-4.0
2025-08-01,SKU-084,weekday_mean_8w,116,72.25,-30.0
2025-08-01,SKU-085,seasonal_naive,279,117.0,-23.0
2025-08-01,SKU-085,weekday_mean_8w,279,91.5,-31.5
2025-08-01,SKU-086,seasonal_naive,104,56.0,-16.0
2025-08-01,SKU-086,weekday_mean_8w,104,49.0,-25.5
2025-08-01,SKU-087,seasonal_naive,490,138.0,-38.0
2025-08-01,SKU-087,weekday_mean_8w,490,132.25,-70.0
2025-08-01,SKU-088,seasonal_naive,109,117.0,19.0
2025-08-01,SKU-088,weekday_mean_8w,109,81.75,1.0
2025-08-01,SKU-089,seasonal_naive,88,54.0,20.0
2025-08-01,SKU-089,weekday_mean_8w,88,37.75,-5.0
2025-08-01,SKU-090,seasonal_naive,316,102.0,28.0
2025-08-01,SKU-090,weekday_mean_8w,316,64.75,-18.5
2025-08-01,SKU-091,seasonal_naive,95,57.0,25.0
2025-08-01,SKU-091,weekday_mean_8w,95,39.5,-2.5
2025-08-01,SKU-092,seasonal_naive,98,86.0,-30.0
2025-08-01,SKU-092,weekday_mean_8w,98,60.0,-26.0
2025-08-01,SKU-093,seasonal_naive,275,67.0,-23.0
2025-08-01,SKU-093,weekday_mean_8w,275,55.75,-9.0
2025-08-01,SKU-094,seasonal_naive,197,77.0,3.0
2025-08-01,SKU-094,weekday_mean_8w,197,58.5,-24.0
2025-08-01,SKU-095,seasonal_naive,155,59.0,5.0
2025-08-01,SKU-095,weekday_mean_8w,155,57.0,9.5
2025-08-01,SKU-096,seasonal_naive,128,78.0,0.0
2025-08-01,SKU-096,weekday_mean_8w,128,70.5,-14.0
2025-08-01,SKU-097,seasonal_naive,76,46.0,-20.0
2025-08-01,SKU-097,weekday_mean_8w,76,54.0,-6.5
2025-08-01,SKU-098,seasonal_naive,128,52.0,-12.0
2025-08-01,SKU-098,weekday_mean_8w,128,51.75,0.0
2025-08-01,SKU-099,seasonal_naive,91,55.0,-23.0
2025-08-01,SKU-099,weekday_mean_8w,91,42.5,-9.5
2025-08-01,SKU-100,seasonal_naive,147,165.0,37.0
2025-08-01,SKU-100,weekday_mean_8w,147,110.75,34.5
2025-08-01,SKU-101,seasonal_naive,264,104.0,24.0
2025-08-01,SKU-101,weekday_mean_8w,264,64.75,-11.5
2025-08-01,SKU-102,seasonal_naive,48,34.0,12.0
2025-08-01,SKU-102,weekday_mean_8w,48,31.25,-16.5
2025-08-01,SKU-103,seasonal_naive,126,72.0,22.0
2025-08-01,SKU-103,weekday_mean_8w,126,46.75,9.5
2025-08-01,SKU-104,seasonal_naive,302,132.0,-82.0
2025-08-01,SKU-104,weekday_mean_8w,302,103.5,-43.0
2025-08-01,SKU-105,seasonal_naive,132,44.0,20.0
2025-08-01,SKU-105,weekday_mean_8w,132,43.0,11.0
2025-08-01,SKU-106,seasonal_naive,226,92.0,-54.0
2025-08-01,SKU-106,weekday_mean_8w,226,73.75,-6.5
2025-08-01,SKU-107,seasonal_naive,404,100.0,48.0
2025-08-01,SKU-107,weekday_mean_8w,404,91.5,36.5
2025-08-01,SKU-108,seasonal_naive,56,48.0,-28.0
2025-08-01,SKU-108,weekday_mean_8w,56,42.75,-14.0
2025-08-01,SKU-109,seasonal_naive,322,120.0,-30.0
2025-08-01,SKU-109,weekday_mean_8w,322,105.75,17.5
2025-08-01,SKU-110,seasonal_naive,107,57.0,-7.0
2025-08-01,SKU-110,weekday_mean_8w,107,45.5,-20.0
2025-08-01,SKU-111,seasonal_naive,95,61.0,-31.0
2025-08-01,SKU-111,weekday_mean_8w,95,33.75,-5.0
2025-08-01,SKU-112,seasonal_naive,230,142.0,-54.0
2025-08-01,SKU-112,weekday_mean_8w,230,126.75,-14.0
2025-08-01,SKU-113,seasonal_naive,42,40.0,-14.0
2025-08-01,SKU-113,weekday_mean_8w,42,27.5,3.5
2025-08-01,SKU-114,seasonal_naive,79,35.0,17.0
2025-08-01,SKU-114,weekday_mean_8w,79,49.75,37.5
2025-08-01,SKU-115,seasonal_naive,66,60.0,42.0
2025-08-01,SKU-115,weekday_mean_8w,66,44.25,31.0
2025-08-01,SKU-116,seasonal_naive,46,36.0,-22.0
2025-08-01,SKU-116,weekday_mean_8w,46,35.25,4.0
2025-08-01,SKU-117,seasonal_naive,42,44.0,34.0
2025-08-01,SKU-117,weekday_mean_8w,42,25.75,18.0
2025-08-01,SKU-118,seasonal_naive,729,165.0,87.0
2025-08-01,SKU-118,weekday_mean_8w,729,147.25,103.0
2025-08-01,SKU-119,seasonal_naive,263,67.0,-11.0
2025-08-01,SKU-119,weekday_mean_8w,263,78.0,62.0
2025-08-01,SKU-120,seasonal_naive,25,23.0,-5.0
2025-08-01,SKU-120,weekday_mean_8w,25,24.75,-5.0
2025-08-01,SKU-121,seasonal_naive,118,66.0,42.0
2025-08-01,SKU-121,weekday_mean_8w,118,51.5,34.0
2025-08-01,SKU-122,seasonal_naive,239,103.0,13.0
2025-08-01,SKU-122,weekday_mean_8w,239,67.25,7.0
2025-08-01,SKU-123,seasonal_naive,128,60.0,4.0
2025-08-01,SKU-123,weekday_mean_8w,128,51.75,21.0
2025-08-01,SKU-124,seasonal_naive,144,120.0,-16.0
2025-08-01,SKU-124,weekday_mean_8w,144,81.25,31.5
2025-08-01,SKU-125,seasonal_naive,125,79.0,35.0
2025-08-01,SKU-125,weekday_mean_8w,125,53.25,25.5
2025-08-01,SKU-126,seasonal_naive,43,35.0,-7.0
2025-08-01,SKU-126,weekday_mean_8w,43,30.0,3.0
2025-08-01,SKU-127,seasonal_naive,132,70.0,20.0
2025-08-01,SKU-127,weekday_mean_8w,132,56.5,20.0
2025-08-01,SKU-128,seasonal_naive,54,46.0,-34.0
2025-08-01,SKU-128,weekday_mean_8w,54,46.25,4.5
2025-09-01,SKU-001,seasonal_naive,207,93.0,-43.0
2025-09-01,SKU-001,weekday_mean_8w,207,50.0,-2.0
2025-09-01,SKU-002,seasonal_naive,59,47.0,5.0
2025-09-01,SKU-002,weekday_mean_8w,59,35.75,-5.5
2025-09-01,SKU-003,seasonal_naive,131,63.0,9.0
2025-09-01,SKU-003,weekday_mean_8w,131,44.5,9.5
2025-09-01,SKU-004,seasonal_naive,310,178.0,2.0
2025-09-01,SKU-004,weekday_mean_8w,310,140.5,19.0
2025-09-01,SKU-005,seasonal_naive,35,23.0,-11.0
2025-09-01,SKU-005,weekday_mean_8w,35,24.75,11.5
2025-09-01,SKU-006,seasonal_naive,83,49.0,-11.0
2025-09-01,SKU-006,weekday_mean_8w,83,50.0,9.0
2025-09-01,SKU-007,seasonal_naive,160,84.0,20.0
2025-09-01,SKU-007,weekday_mean_8w,160,64.75,-5.5
2025-09-01,SKU-008,seasonal_naive,116,94.0,-24.0
2025-09-01,SKU-008,weekday_mean_8w,116,73.0,-38.0
2025-09-01,SKU-009,seasonal_naive,289,89.0,-29.0
2025-09-01,SKU-009,weekday_mean_8w,289,86.25,-33.0
2025-09-01,SKU-010,seasonal_naive,97,67.0,35.0
2025-09-01,SKU-010,weekday_mean_8w,97,52.75,5.5
2025-09-01,SKU-011,seasonal_naive,184,82.0,56.0
2025-09-01,SKU-011,weekday_mean_8w,184,60.5,-12.0
2025-09-01,SKU-012,seasonal_naive,76,66.0,32.0
2025-09-01,SKU-012,weekday_mean_8w,76,51.5,18.5
2025-09-01,SKU-013,seasonal_naive,627,149.0,-91.0
2025-09-01,SKU-013,weekday_mean_8w,627,147.75,-93.0
2025-09-01,SKU-014,seasonal_naive,80,60.0,8.0
2025-09-01,SKU-014,weekday_mean_8w,80,39.75,-6.0
2025-09-01,SKU-015,seasonal_naive,162,88.0,-46.0
2025-09-01,SKU-015,weekday_mean_8w,162,63.25,-38.0
2025-09-01,SKU-016,seasonal_naive,200,162.0,-32.0
2025-09-01,SKU-016,weekday_mean_8w,200,137.0,-21.5
2025-09-01,SKU-017,seasonal_naive,369,93.0,-57.0
2025-09-01,SKU-017,weekday_mean_8w,369,93.25,-52.5
2025-09-01,SKU-018,seasonal_naive,71,43.0,-7.0
2025-09-01,SKU-018,weekday_mean_8w,71,31.0,-15.0
2025-09-01,SKU-019,seasonal_naive,564,148.0,-124.0
2025-09-01,SKU-019,weekday_mean_8w,564,145.75,-124.5
2025-09-01,SKU-020,seasonal_naive,51,43.0,5.0
2025-09-01,SKU-020,weekday_mean_8w,51,38.25,7.5
2025-09-01,SKU-021,seasonal_naive,402,90.0,-58.0
2025-09-01,SKU-021,weekday_mean_8w,402,108.75,-43.0
2025-09-01,SKU-022,seasonal_naive,144,68.0,-8.0
2025-09-01,SKU-022,weekday_mean_8w,144,51.75,-24.5
2025-09-01,SKU-023,seasonal_naive,130,56.0,-22.0
2025-09-01,SKU-023,weekday_mean_8w,130,62.25,-59.0
2025-09-01,SKU-024,seasonal_naive,19,23.0,-11.0
2025-09-01,SKU-024,weekday_mean_8w,19,20.75,-6.5
2025-09-01,SKU-025,seasonal_naive,357,117.0,-89.0
2025-09-01,SKU-025,weekday_mean_8w,357,87.5,-29.0
2025-09-01,SKU-026,seasonal_naive,293,121.0,47.0
2025-09-01,SKU-026,weekday_mean_8w,293,91.5,-40.5
2025-09-01,SKU-027,seasonal_naive,194,88.0,38.0
2025-09-01,SKU-027,weekday_mean_8w,194,60.0,-9.5
2025-09-01,SKU-028,seasonal_naive,214,122.0,-66.0
2025-09-01,SKU-028,weekday_mean_8w,214,117.25,-50.0
2025-09-01,SKU-029,seasonal_naive,45,29.0,7.0
2025-09-01,SKU-029,weekday_mean_8w,45,28.0,-8.0
2025-09-01,SKU-030,seasonal_naive,501,167.0,-109.0
2025-09-01,SKU-030,weekday_mean_8w,501,95.5,-65.0
2025-09-01,SKU-031,seasonal_naive,143,81.0,-35.0
2025-09-01,SKU-031,weekday_mean_8w,143,61.5,-28.0
2025-09-01,SKU-032,seasonal_naive,218,164.0,-62.0
2025-09-01,SKU-032,weekday_mean_8w,218,127.5,-30.0
2025-09-01,SKU-033,seasonal_naive,267,135.0,-43.0
2025-09-01,SKU-033,weekday_mean_8w,267,99.75,-23.5
2025-09-01,SKU-034,seasonal_naive,256,110.0,-36.0
2025-09-01,SKU-034,weekday_mean_8w,256,75.75,-28.0
2025-09-01,SKU-035,seasonal_naive,86,52.0,2.0
2025-09-01,SKU-035,weekday_mean_8w,86,36.25,-3.0
2025-09-01,SKU-036,seasonal_naive,116,90.0,-32.0
2025-09-01,SKU-036,weekday_mean_8w,116,73.0,-29.5
2025-09-01,SKU-037,seasonal_naive,219,133.0,37.0
2025-09-01,SKU-037,weekday_mean_8w,219,90.0,-14.0
2025-09-01,SKU-038,seasonal_naive,129,57.0,15.0
2025-09-01,SKU-038,weekday_mean_8w,129,57.0,18.0
2025-09-01,SKU-039,seasonal_naive,400,124.0,52.0
2025-09-01,SKU-039,weekday_mean_8w,400,89.5,21.5
2025-09-01,SKU-040,seasonal_naive,285,181.0,79.0
2025-09-01,SKU-040,weekday_mean_8w,285,126.25,42.5
2025-09-01,SKU-041,seasonal_naive,736,128.0,60.0
2025-09-01,SKU-041,weekday_mean_8w,736,97.5,13.5
2025-09-01,SKU-042,seasonal_naive,34,32.0,-14.0
2025-09-01,SKU-042,weekday_mean_8w,34,33.0,-1.5
2025-09-01,SKU-043,seasonal_naive,239,93.0,21.0
2025-09-01,SKU-043,weekday_mean_8w,239,62.5,-3.5
2025-09-01,SKU-044,seasonal_naive,95,133.0,17.0
2025-09-01,SKU-044,weekday_mean_8w,95,97.0,35.5
2025-09-01,SKU-045,seasonal_naive,92,56.0,4.0
2025-09-01,SKU-045,weekday_mean_8w,92,52.75,26.0
2025-09-01,SKU-046,seasonal_naive,111,77.0,-11.0
2025-09-01,SKU-046,weekday_mean_8w,111,43.25,1.5
2025-09-01,SKU-047,seasonal_naive,73,51.0,11.0
2025-09-01,SKU-047,weekday_mean_8w,73,56.0,31.0
2025-09-01,SKU-048,seasonal_naive,108,82.0,-28.0
2025-09-01,SKU-048,weekday_mean_8w,108,73.0,3.0
2025-09-01,SKU-049,seasonal_naive,126,86.0,30.0
2025-09-01,SKU-049,weekday_mean_8w,126,42.75,13.5
2025-09-01,SKU-050,seasonal_naive,35,27.0,-15.0
2025-09-01,SKU-050,weekday_mean_8w,35,29.25,-2.0
2025-09-01,SKU-051,seasonal_naive,82,50.0,-6.0
2025-09-01,SKU-051,weekday_mean_8w,82,43.5,2.5
2025-09-01,SKU-052,seasonal_naive,104,110.0,16.0
2025-09-01,SKU-052,weekday_mean_8w,104,72.75,30.5
2025-09-01,SKU-053,seasonal_naive,86,46.0,14.0
2025-09-01,SKU-053,weekday_mean_8w,86,44.5,10.0
2025-09-01,SKU-054,seasonal_naive,94,52.0,2.0
2025-09-01,SKU-054,weekday_mean_8w,94,45.0,28.0
2025-09-01,SKU-055,seasonal_naive,185,81.0,-13.0
2025-09-01,SKU-055,weekday_mean_8w,185,60.0,15.0
2025-09-01,SKU-056,seasonal_naive,31,43.0,1.0
2025-09-01,SKU-056,weekday_mean_8w,31,31.75,3.0
2025-09-01,SKU-057,seasonal_naive,172,88.0,-12.0
2025-09-01,SKU-057,weekday_mean_8w,172,61.75,16.0
2025-09-01,SKU-058,seasonal_naive,202,112.0,-34.0
2025-09-01,SKU-058,weekday_mean_8w,202,98.75,65.5
2025-09-01,SKU-059,seasonal_naive,29,21.0,3.0
2025-09-01,SKU-059,weekday_mean_8w,29,26.75,16.0
2025-09-01,SKU-060,seasonal_naive,32,36.0,4.0
2025-09-01,SKU-060,weekday_mean_8w,32,28.75,4.0
2025-09-01,SKU-061,seasonal_naive,98,70.0,38.0
2025-09-01,SKU-061,weekday_mean_8w,98,53.0,12.5
2025-09-01,SKU-062,seasonal_naive,222,104.0,-54.0
2025-09-01,SKU-062,weekday_mean_8w,222,54.5,11.0
2025-09-01,SKU-063,seasonal_naive,129,87.0,51.0
2025-09-01,SKU-063,weekday_mean_8w,129,71.0,57.5
2025-09-01,SKU-064,seasonal_naive,132,96.0,-32.0
2025-09-01,SKU-064,weekday_mean_8w,132,70.75,8.5
2025-09-01,SKU-065,seasonal_naive,33,35.0,-17.0
2025-09-01,SKU-065,weekday_mean_8w,33,31.25,-1.5
2025-09-01,SKU-066,seasonal_naive,64,42.0,-8.0
2025-09-01,SKU-066,weekday_mean_8w,64,32.0,-5.5
2025-09-01,SKU-067,seasonal_naive,127,67.0,-23.0
2025-09-01,SKU-067,weekday_mean_8w,127,55.0,11.5
2025-09-01,SKU-068,seasonal_naive,216,192.0,140.0
2025-09-01,SKU-068,weekday_mean_8w,216,136.75,21.5
2025-09-01,SKU-069,seasonal_naive,68,64.0,-32.0
2025-09-01,SKU-069,weekday_mean_8w,68,35.25,-13.5
2025-09-01,SKU-070,seasonal_naive,203,103.0,-11.0
2025-09-01,SKU-070,weekday_mean_8w,203,62.75,-23.5
2025-09-01,SKU-071,seasonal_naive,38,34.0,-26.0
2025-09-01,SKU-071,weekday_mean_8w,38,24.75,4.0
2025-09-01,SKU-072,seasonal_naive,134,102.0,-26.0
2025-09-01,SKU-072,weekday_mean_8w,134,90.0,4.0
2025-09-01,SKU-073,seasonal_naive,104,80.0,-28.0
2025-09-01,SKU-073,weekday_mean_8w,104,55.75,-19.0
2025-09-01,SKU-074,seasonal_naive,68,48.0,-36.0
2025-09-01,SKU-074,weekday_mean_8w,68,40.25,-18.5
2025-09-01,SKU-075,seasonal_naive,69,45.0,7.0
2025-09-01,SKU-075,weekday_mean_8w,69,35.75,2.0
2025-09-01,SKU-076,seasonal_naive,149,131.0,-57.0
2025-09-01,SKU-076,weekday_mean_8w,149,108.25,-12.5
2025-09-01,SKU-077,seasonal_naive,316,120.0,-100.0
2025-09-01,SKU-077,weekday_mean_8w,316,81.25,-56.5
2025-09-01,SKU-078,seasonal_naive,533,149.0,-9.0
2025-09-01,SKU-078,weekday_mean_8w,533,93.25,-56.5
2025-09-01,SKU-079,seasonal_naive,21,25.0,3.0
2025-09-01,SKU-079,weekday_mean_8w,21,21.0,-6.0
2025-09-01,SKU-080,seasonal_naive,86,84.0,-2.0
2025-09-01,SKU-080,weekday_mean_8w,86,78.0,-15.0
2025-09-01,SKU-081,seasonal_naive,27,35.0,13.0
2025-09-01,SKU-081,weekday_mean_8w,27,21.25,5.5
2025-09-01,SKU-082,seasonal_naive,263,89.0,-23.0
2025-09-01,SKU-082,weekday_mean_8w,263,66.0,-36.5
2025-09-01,SKU-083,seasonal_naive,120,70.0,-16.0
2025-09-01,SKU-083,weekday_mean_8w,120,54.25,-34.5
2025-09-01,SKU-084,seasonal_naive,100,64.0,-20.0
2025-09-01,SKU-084,weekday_mean_8w,100,63.0,2.0
2025-09-01,SKU-085,seasonal_naive,301,103.0,11.0
2025-09-01,SKU-085,weekday_mean_8w,301,96.75,-28.0
2025-09-01,SKU-086,seasonal_naive,76,64.0,36.0
2025-09-01,SKU-086,weekday_mean_8w,76,40.25,15.0
2025-09-01,SKU-087,seasonal_naive,543,121.0,-3.0
2025-09-01,SKU-087,weekday_mean_8w,543,121.25,-65.0
2025-09-01,SKU-088,seasonal_naive,161,133.0,-21.0
2025-09-01,SKU-088,weekday_mean_8w,161,99.25,-47.0
2025-09-01,SKU-089,seasonal_naive,112,64.0,28.0
2025-09-01,SKU-089,weekday_mean_8w,112,35.5,-11.0
2025-09-01,SKU-090,seasonal_naive,343,101.0,-19.0
2025-09-01,SKU-090,weekday_mean_8w,343,90.25,-34.0
2025-09-01,SKU-091,seasonal_naive,115,61.0,-7.0
2025-09-01,SKU-091,weekday_mean_8w,115,43.25,-13.0
2025-09-01,SKU-092,seasonal_naive,81,81.0,-5.0
2025-09-01,SKU-092,weekday_mean_8w,81,64.0,3.5
2025-09-01,SKU-093,seasonal_naive,352,86.0,-56.0
2025-09-01,SKU-093,weekday_mean_8w,352,97.75,-82.0
2025-09-01,SKU-094,seasonal_naive,185,83.0,15.0
2025-09-01,SKU-094,weekday_mean_8w,185,67.75,0.0
2025-09-01,SKU-095,seasonal_naive,202,62.0,-34.0
2025-09-01,SKU-095,weekday_mean_8w,202,58.5,-32.5
2025-09-01,SKU-096,seasonal_naive,127,117.0,13.0
2025-09-01,SKU-096,weekday_mean_8w,127,82.5,-7.0
2025-09-01,SKU-097,seasonal_naive,83,41.0,-3.0
2025-09-01,SKU-097,weekday_mean_8w,83,28.5,-14.0
2025-09-01,SKU-098,seasonal_naive,150,66.0,-6.0
2025-09-01,SKU-098,weekday_mean_8w,150,47.25,-15.0
2025-09-01,SKU-099,seasonal_naive,113,57.0,-21.0
2025-09-01,SKU-099,weekday_mean_8w,113,41.75,-24.0
2025-09-01,SKU-100,seasonal_naive,190,146.0,-2.0
2025-09-01,SKU-100,weekday_mean_8w,190,111.5,-13.0
2025-09-01,SKU-101,seasonal_naive,295,89.0,5.0
2025-09-01,SKU-101,weekday_mean_8w,295,84.25,-31.0
2025-09-01,SKU-102,seasonal_naive,36,36.0,16.0
2025-09-01,SKU-102,weekday_mean_8w,36,29.0,8.5
2025-09-01,SKU-103,seasonal_naive,140,62.0,-40.0
2025-09-01,SKU-103,weekday_mean_8w,140,42.75,-12.0
2025-09-01,SKU-104,seasonal_naive,203,123.0,13.0
2025-09-01,SKU-104,weekday_mean_8w,203,104.25,71.5
2025-09-01,SKU-105,seasonal_naive,141,71.0,11.0
2025-09-01,SKU-105,weekday_mean_8w,141,72.0,-1.5
2025-09-01,SKU-106,seasonal_naive,209,81.0,39.0
2025-09-01,SKU-106,weekday_mean_8w,209,55.5,16.0
2025-09-01,SKU-107,seasonal_naive,385,123.0,-37.0
2025-09-01,SKU-107,weekday_mean_8w,385,101.25,38.0
2025-09-01,SKU-108,seasonal_naive,51,49.0,-3.0
2025-09-01,SKU-108,weekday_mean_8w,51,34.75,-3.0
2025-09-01,SKU-109,seasonal_naive,302,90.0,-18.0
2025-09-01,SKU-109,weekday_mean_8w,302,74.5,25.5
2025-09-01,SKU-110,seasonal_naive,77,37.0,-5.0
2025-09-01,SKU-110,weekday_mean_8w,77,36.75,19.5
2025-09-01,SKU-111,seasonal_naive,67,51.0,-15.0
2025-09-01,SKU-111,weekday_mean_8w,67,41.0,23.5
2025-09-01,SKU-112,seasonal_naive,291,135.0,1.0
2025-09-01,SKU-112,weekday_mean_8w,291,117.75,-53.0
2025-09-01,SKU-113,seasonal_naive,30,52.0,34.0
2025-09-01,SKU-113,weekday_mean_8w,30,29.25,15.0
2025-09-01,SKU-114,seasonal_naive,100,60.0,-8.0
2025-09-01,SKU-114,weekday_mean_8w,100,44.0,-7.0
2025-09-01,SKU-115,seasonal_naive,69,49.0,-9.0
2025-09-01,SKU-115,weekday_mean_8w,69,40.5,7.5
2025-09-01,SKU-116,seasonal_naive,32,38.0,28.0
2025-09-01,SKU-116,weekday_mean_8w,32,35.25,20.0
2025-09-01,SKU-117,seasonal_naive,56,38.0,-16.0
2025-09-01,SKU-117,weekday_mean_8w,56,37.0,-8.5
2025-09-01,SKU-118,seasonal_naive,661,127.0,91.0
2025-09-01,SKU-118,weekday_mean_8w,661,131.75,98.0
2025-09-01,SKU-119,seasonal_naive,257,97.0,-37.0
2025-09-01,SKU-119,weekday_mean_8w,257,85.5,23.0
2025-09-01,SKU-120,seasonal_naive,20,30.0,8.0
2025-09-01,SKU-120,weekday_mean_8w,20,23.5,3.0
2025-09-01,SKU-121,seasonal_naive,117,61.0,15.0
2025-09-01,SKU-121,weekday_mean_8w,117,58.0,14.0
2025-09-01,SKU-122,seasonal_naive,173,109.0,67.0
2025-09-01,SKU-122,weekday_mean_8w,173,78.75,59.5
2025-09-01,SKU-123,seasonal_naive,94,62.0,30.0
2025-09-01,SKU-123,weekday_mean_8w,94,60.5,38.5
2025-09-01,SKU-124,seasonal_naive,111,117.0,33.0
2025-09-01,SKU-124,weekday_mean_8w,111,78.0,33.5
2025-09-01,SKU-125,seasonal_naive,106,96.0,50.0
2025-09-01,SKU-125,weekday_mean_8w,106,64.5,35.5
2025-09-01,SKU-126,seasonal_naive,36,40.0,8.0
2025-09-01,SKU-126,weekday_mean_8w,36,26.5,9.0
2025-09-01,SKU-127,seasonal_naive,132,64.0,-20.0
2025-09-01,SKU-127,weekday_mean_8w,132,50.75,-1.5
2025-09-01,SKU-128,seasonal_naive,56,42.0,-12.0
2025-09-01,SKU-128,weekday_mean_8w,56,33.0,-7.5
2025-10-01,SKU-001,seasonal_naive,201,83.0,-9.0
2025-10-01,SKU-001,weekday_mean_8w,201,62.0,-4.5
2025-10-01,SKU-002,seasonal_naive,49,47.0,-9.0
2025-10-01,SKU-002,weekday_mean_8w,49,36.25,5.5
2025-10-01,SKU-003,seasonal_naive,154,74.0,-30.0
2025-10-01,SKU-003,weekday_mean_8w,154,48.5,-19.0
2025-10-01,SKU-004,seasonal_naive,316,208.0,-4.0
2025-10-01,SKU-004,weekday_mean_8w,316,167.25,-12.5
2025-10-01,SKU-005,seasonal_naive,43,43.0,5.0
2025-10-01,SKU-005,weekday_mean_8w,43,28.25,-2.0
2025-10-01,SKU-006,seasonal_naive,101,57.0,15.0
2025-10-01,SKU-006,weekday_mean_8w,101,44.5,-18.5
2025-10-01,SKU-007,seasonal_naive,177,79.0,19.0
2025-10-01,SKU-007,weekday_mean_8w,177,55.5,-18.5
2025-10-01,SKU-008,seasonal_naive,91,101.0,33.0
2025-10-01,SKU-008,weekday_mean_8w,91,68.5,8.5
2025-10-01,SKU-009,seasonal_naive,307,91.0,17.0
2025-10-01,SKU-009,weekday_mean_8w,307,72.5,-37.5
2025-10-01,SKU-010,seasonal_naive,119,61.0,-31.0
2025-10-01,SKU-010,weekday_mean_8w,119,47.5,-26.5
2025-10-01,SKU-011,seasonal_naive,217,93.0,-49.0
2025-10-01,SKU-011,weekday_mean_8w,217,70.0,-34.0
2025-10-01,SKU-012,seasonal_naive,67,67.0,1.0
2025-10-01,SKU-012,weekday_mean_8w,67,70.5,19.5
2025-10-01,SKU-013,seasonal_naive,706,106.0,-18.0
2025-10-01,SKU-013,weekday_mean_8w,706,140.75,-119.5
2025-10-01,SKU-014,seasonal_naive,81,53.0,-17.0
2025-10-01,SKU-014,weekday_mean_8w,81,34.0,-2.5
2025-10-01,SKU-015,seasonal_naive,138,68.0,34.0
2025-10-01,SKU-015,weekday_mean_8w,138,49.25,0.5
2025-10-01,SKU-016,seasonal_naive,253,211.0,-113.0
2025-10-01,SKU-016,weekday_mean_8w,253,126.25,-68.5
2025-10-01,SKU-017,seasonal_naive,412,114.0,-8.0
2025-10-01,SKU-017,weekday_mean_8w,412,101.0,-61.5
2025-10-01,SKU-018,seasonal_naive,69,71.0,19.0
2025-10-01,SKU-018,weekday_mean_8w,69,44.25,-8.5
2025-10-01,SKU-019,seasonal_naive,621,165.0,11.0
2025-10-01,SKU-019,weekday_mean_8w,621,134.25,-114.0
2025-10-01,SKU-020,seasonal_naive,47,41.0,5.0
2025-10-01,SKU-020,weekday_mean_8w,47,37.75,11.5
2025-10-01,SKU-021,seasonal_naive,450,126.0,26.0
2025-10-01,SKU-021,weekday_mean_8w,450,106.75,-60.5
2025-10-01,SKU-022,seasonal_naive,146,78.0,-34.0
2025-10-01,SKU-022,weekday_mean_8w,146,55.5,-9.0
2025-10-01,SKU-023,seasonal_naive,99,67.0,45.0
2025-10-01,SKU-023,weekday_mean_8w,99,49.75,8.5
2025-10-01,SKU-024,seasonal_naive,22,24.0,-2.0
2025-10-01,SKU-024,weekday_mean_8w,22,24.0,-6.0
2025-10-01,SKU-025,seasonal_naive,448,160.0,-104.0
2025-10-01,SKU-025,weekday_mean_8w,448,128.75,-96.0
2025-10-01,SKU-026,seasonal_naive,283,89.0,21.0
2025-10-01,SKU-026,weekday_mean_8w,283,65.5,10.5
2025-10-01,SKU-027,seasonal_naive,203,73.0,-3.0
2025-10-01,SKU-027,weekday_mean_8w,203,54.0,-5.0
2025-10-01,SKU-028,seasonal_naive,208,100.0,48.0
2025-10-01,SKU-028,weekday_mean_8w,208,76.5,-25.5
2025-10-01,SKU-029,seasonal_naive,50,38.0,-10.0
2025-10-01,SKU-029,weekday_mean_8w,50,31.25,-3.0
2025-10-01,SKU-030,seasonal_naive,498,110.0,-66.0
2025-10-01,SKU-030,weekday_mean_8w,498,82.0,-15.5
2025-10-01,SKU-031,seasonal_naive,117,73.0,39.0
2025-10-01,SKU-031,weekday_mean_8w,117,55.75,12.5
2025-10-01,SKU-032,seasonal_naive,168,134.0,108.0
2025-10-01,SKU-032,weekday_mean_8w,168,96.25,42.5
2025-10-01,SKU-033,seasonal_naive,238,128.0,66.0
2025-10-01,SKU-033,weekday_mean_8w,238,60.75,16.0
2025-10-01,SKU-034,seasonal_naive,218,104.0,38.0
2025-10-01,SKU-034,weekday_mean_8w,218,57.5,23.0
2025-10-01,SKU-035,seasonal_naive,86,48.0,-14.0
2025-10-01,SKU-035,weekday_mean_8w,86,43.25,2.5
2025-10-01,SKU-036,seasonal_naive,64,94.0,80.0
2025-10-01,SKU-036,weekday_mean_8w,64,68.25,35.0
2025-10-01,SKU-037,seasonal_naive,218,132.0,90.0
2025-10-01,SKU-037,weekday_mean_8w,218,53.5,1.0
2025-10-01,SKU-038,seasonal_naive,120,68.0,-12.0
2025-10-01,SKU-038,weekday_mean_8w,120,52.5,14.5
2025-10-01,SKU-039,seasonal_naive,352,146.0,8.0
2025-10-01,SKU-039,weekday_mean_8w,352,111.75,57.5
2025-10-01,SKU-040,seasonal_naive,263,175.0,13.0
2025-10-01,SKU-040,weekday_mean_8w,263,149.25,41.0
2025-10-01,SKU-041,seasonal_naive,661,185.0,35.0
2025-10-01,SKU-041,weekday_mean_8w,661,140.25,84.5
2025-10-01,SKU-042,seasonal_naive,40,32.0,0.0
2025-10-01,SKU-042,weekday_mean_8w,40,27.75,-5.0
2025-10-01,SKU-043,seasonal_naive,203,81.0,21.0
2025-10-01,SKU-043,weekday_mean_8w,203,70.0,37.0
2025-10-01,SKU-044,seasonal_naive,106,92.0,-14.0
2025-10-01,SKU-044,weekday_mean_8w,106,76.5,13.5
2025-10-01,SKU-045,seasonal_naive,96,44.0,12.0
2025-10-01,SKU-045,weekday_mean_8w,96,41.5,4.5
2025-10-01,SKU-046,seasonal_naive,95,49.0,-31.0
2025-10-01,SKU-046,weekday_mean_8w,95,28.75,13.0
2025-10-01,SKU-047,seasonal_naive,74,48.0,-22.0
2025-10-01,SKU-047,weekday_mean_8w,74,44.5,12.5
2025-10-01,SKU-048,seasonal_naive,87,95.0,13.0
2025-10-01,SKU-048,weekday_mean_8w,87,72.5,11.5
2025-10-01,SKU-049,seasonal_naive,122,72.0,22.0
2025-10-01,SKU-049,weekday_mean_8w,122,44.75,14.0
2025-10-01,SKU-050,seasonal_naive,27,29.0,9.0
2025-10-01,SKU-050,weekday_mean_8w,27,18.5,3.5
2025-10-01,SKU-051,seasonal_naive,73,59.0,11.0
2025-10-01,SKU-051,weekday_mean_8w,73,36.25,8.0
2025-10-01,SKU-052,seasonal_naive,105,101.0,-25.0
2025-10-01,SKU-052,weekday_mean_8w,105,69.25,23.0
2025-10-01,SKU-053,seasonal_naive,78,52.0,-14.0
2025-10-01,SKU-053,weekday_mean_8w,78,47.25,8.0
2025-10-01,SKU-054,seasonal_naive,82,66.0,6.0
2025-10-01,SKU-054,weekday_mean_8w,82,49.25,21.0
2025-10-01,SKU-055,seasonal_naive,159,57.0,-3.0
2025-10-01,SKU-055,weekday_mean_8w,159,66.25,29.0
2025-10-01,SKU-056,seasonal_naive,42,48.0,-2.0
2025-10-01,SKU-056,weekday_mean_8w,42,31.0,-6.0
2025-10-01,SKU-057,seasonal_naive,148,88.0,40.0
2025-10-01,SKU-057,weekday_mean_8w,148,63.25,31.0
2025-10-01,SKU-058,seasonal_naive,219,99.0,49.0
2025-10-01,SKU-058,weekday_mean_8w,219,62.25,6.5
2025-10-01,SKU-059,seasonal_naive,31,35.0,13.0
2025-10-01,SKU-059,weekday_mean_8w,31,23.25,6.0
2025-10-01,SKU-060,seasonal_naive,34,44.0,6.0
2025-10-01,SKU-060,weekday_mean_8w,34,25.5,-3.0
2025-10-01,SKU-061,seasonal_naive,96,48.0,-4.0
2025-10-01,SKU-061,weekday_mean_8w,96,43.5,9.5
2025-10-01,SKU-062,seasonal_naive,165,75.0,31.0
2025-10-01,SKU-062,weekday_mean_8w,165,80.5,58.5
2025-10-01,SKU-063,seasonal_naive,140,72.0,-16.0
2025-10-01,SKU-063,weekday_mean_8w,140,38.0,3.5
2025-10-01,SKU-064,seasonal_naive,120,124.0,60.0
2025-10-01,SKU-064,weekday_mean_8w,120,79.25,15.5
2025-10-01,SKU-065,seasonal_naive,35,35.0,-3.0
2025-10-01,SKU-065,weekday_mean_8w,35,32.0,-6.5
2025-10-01,SKU-066,seasonal_naive,58,44.0,2.0
2025-10-01,SKU-066,weekday_mean_8w,58,35.5,4.5
2025-10-01,SKU-067,seasonal_naive,153,77.0,-49.0
2025-10-01,SKU-067,weekday_mean_8w,153,50.25,-23.5
2025-10-01,SKU-068,seasonal_naive,311,159.0,-83.0
2025-10-01,SKU-068,weekday_mean_8w,311,161.5,-94.0
2025-10-01,SKU-069,seasonal_naive,79,41.0,-7.0
2025-10-01,SKU-069,weekday_mean_8w,79,43.5,-19.0
2025-10-01,SKU-070,seasonal_naive,178,82.0,50.0
2025-10-01,SKU-070,weekday_mean_8w,178,56.5,10.5
2025-10-01,SKU-071,seasonal_naive,42,26.0,-2.0
2025-10-01,SKU-071,weekday_mean_8w,42,28.5,-3.5
2025-10-01,SKU-072,seasonal_naive,162,164.0,-2.0
2025-10-01,SKU-072,weekday_mean_8w,162,102.25,-23.5
2025-10-01,SKU-073,seasonal_naive,87,67.0,33.0
2025-10-01,SKU-073,weekday_mean_8w,87,39.0,11.0
2025-10-01,SKU-074,seasonal_naive,68,48.0,0.0
2025-10-01,SKU-074,weekday_mean_8w,68,33.5,-12.5
2025-10-01,SKU-075,seasonal_naive,74,42.0,-26.0
2025-10-01,SKU-075,weekday_mean_8w,74,41.5,-3.5
2025-10-01,SKU-076,seasonal_naive,212,164.0,-124.0
2025-10-01,SKU-076,weekday_mean_8w,212,120.5,-65.5
2025-10-01,SKU-077,seasonal_naive,365,89.0,-13.0
2025-10-01,SKU-077,weekday_mean_8w,365,99.0,-71.0
2025-10-01,SKU-078,seasonal_naive,595,129.0,-51.0
2025-10-01,SKU-078,weekday_mean_8w,595,107.25,-78.5
2025-10-01,SKU-079,seasonal_naive,20,34.0,12.0
2025-10-01,SKU-079,weekday_mean_8w,20,22.0,-2.5
2025-10-01,SKU-080,seasonal_naive,102,94.0,-26.0
2025-10-01,SKU-080,weekday_mean_8w,102,82.5,-23.5
2025-10-01,SKU-081,seasonal_naive,32,28.0,-24.0
2025-10-01,SKU-081,weekday_mean_8w,32,21.0,0.0
2025-10-01,SKU-082,seasonal_naive,282,94.0,-34.0
2025-10-01,SKU-082,weekday_mean_8w,282,90.5,-33.5
2025-10-01,SKU-083,seasonal_naive,100,72.0,32.0
2025-10-01,SKU-083,weekday_mean_8w,100,43.0,6.5
2025-10-01,SKU-084,seasonal_naive,139,95.0,-23.0
2025-10-01,SKU-084,weekday_mean_8w,139,68.0,-34.5
2025-10-01,SKU-085,seasonal_naive,326,120.0,2.0
2025-10-01,SKU-085,weekday_mean_8w,326,84.25,-35.5
2025-10-01,SKU-086,seasonal_naive,93,73.0,3.0
2025-10-01,SKU-086,weekday_mean_8w,93,47.5,-3.5
2025-10-01,SKU-087,seasonal_naive,535,153.0,17.0
2025-10-01,SKU-087,weekday_mean_8w,535,118.5,-8.0
2025-10-01,SKU-088,seasonal_naive,145,123.0,3.0
2025-10-01,SKU-088,weekday_mean_8w,145,95.75,-7.5
2025-10-01,SKU-089,seasonal_naive,115,59.0,13.0
2025-10-01,SKU-089,weekday_mean_8w,115,45.75,-7.0
2025-10-01,SKU-090,seasonal_naive,373,91.0,-29.0
2025-10-01,SKU-090,weekday_mean_8w,373,81.75,-48.0
2025-10-01,SKU-091,seasonal_naive,120,60.0,-48.0
2025-10-01,SKU-091,weekday_mean_8w,120,45.5,-14.0
2025-10-01,SKU-092,seasonal_naive,93,93.0,11.0
2025-10-01,SKU-092,weekday_mean_8w,93,79.5,-1.0
2025-10-01,SKU-093,seasonal_naive,336,104.0,4.0
2025-10-01,SKU-093,weekday_mean_8w,336,79.25,-23.5
2025-10-01,SKU-094,seasonal_naive,210,106.0,-26.0
2025-10-01,SKU-094,weekday_mean_8w,210,58.25,-13.0
2025-10-01,SKU-095,seasonal_naive,176,84.0,-12.0
2025-10-01,SKU-095,weekday_mean_8w,176,61.25,6.0
2025-10-01,SKU-096,seasonal_naive,140,70.0,-28.0
2025-10-01,SKU-096,weekday_mean_8w,140,78.0,-15.5
2025-10-01,SKU-097,seasonal_naive,61,33.0,11.0
2025-10-01,SKU-097,weekday_mean_8w,61,37.75,24.0
2025-10-01,SKU-098,seasonal_naive,126,76.0,42.0
2025-10-01,SKU-098,weekday_mean_8w,126,48.25,18.5
2025-10-01,SKU-099,seasonal_naive,96,56.0,20.0
2025-10-01,SKU-099,weekday_mean_8w,96,40.25,5.0
2025-10-01,SKU-100,seasonal_naive,182,136.0,-22.0
2025-10-01,SKU-100,weekday_mean_8w,182,69.25,-9.5
2025-10-01,SKU-101,seasonal_naive,218,136.0,98.0
2025-10-01,SKU-101,weekday_mean_8w,218,90.5,67.0
2025-10-01,SKU-102,seasonal_naive,36,44.0,-12.0
2025-10-01,SKU-102,weekday_mean_8w,36,24.25,5.5
2025-10-01,SKU-103,seasonal_naive,90,82.0,74.0
2025-10-01,SKU-103,weekday_mean_8w,90,53.0,37.0
2025-10-01,SKU-104,seasonal_naive,229,197.0,-37.0
2025-10-01,SKU-104,weekday_mean_8w,229,131.0,6.0
2025-10-01,SKU-105,seasonal_naive,121,75.0,-33.0
2025-10-01,SKU-105,weekday_mean_8w,121,54.75,16.5
2025-10-01,SKU-106,seasonal_naive,172,124.0,108.0
2025-10-01,SKU-106,weekday_mean_8w,172,78.5,55.5
2025-10-01,SKU-107,seasonal_naive,307,171.0,157.0
2025-10-01,SKU-107,weekday_mean_8w,307,109.75,84.0
2025-10-01,SKU-108,seasonal_naive,31,41.0,5.0
2025-10-01,SKU-108,weekday_mean_8w,31,40.75,21.0
2025-10-01,SKU-109,seasonal_naive,308,72.0,-12.0
2025-10-01,SKU-109,weekday_mean_8w,308,49.75,4.0
2025-10-01,SKU-110,seasonal_naive,67,57.0,29.0
2025-10-01,SKU-110,weekday_mean_8w,67,54.25,22.5
2025-10-01,SKU-111,seasonal_naive,58,46.0,18.0
2025-10-01,SKU-111,weekday_mean_8w,58,36.5,18.5
2025-10-01,SKU-112,seasonal_naive,196,110.0,44.0
2025-10-01,SKU-112,weekday_mean_8w,196,119.25,72.0
2025-10-01,SKU-113,seasonal_naive,26,34.0,10.0
2025-10-01,SKU-113,weekday_mean_8w,26,25.25,11.5
2025-10-01,SKU-114,seasonal_naive,83,57.0,37.0
2025-10-01,SKU-114,weekday_mean_8w,83,38.0,7.5
2025-10-01,SKU-115,seasonal_naive,69,49.0,3.0
2025-10-01,SKU-115,weekday_mean_8w,69,43.0,-2.0
2025-10-01,SKU-116,seasonal_naive,46,46.0,-18.0
2025-10-01,SKU-116,weekday_mean_8w,46,40.0,-7.0
2025-10-01,SKU-117,seasonal_naive,49,35.0,-13.0
2025-10-01,SKU-117,weekday_mean_8w,49,30.25,1.5
2025-10-01,SKU-118,seasonal_naive,637,113.0,-33.0
2025-10-01,SKU-118,weekday_mean_8w,637,117.0,45.5
2025-10-01,SKU-119,seasonal_naive,201,53.0,15.0
2025-10-01,SKU-119,weekday_mean_8w,201,71.0,51.5
2025-10-01,SKU-120,seasonal_naive,14,14.0,-10.0
2025-10-01,SKU-120,weekday_mean_8w,14,19.75,9.5
2025-10-01,SKU-121,seasonal_naive,106,46.0,2.0
2025-10-01,SKU-121,weekday_mean_8w,106,48.75,17.0
2025-10-01,SKU-122,seasonal_naive,172,72.0,4.0
2025-10-01,SKU-122,weekday_mean_8w,172,51.5,33.0
2025-10-01,SKU-123,seasonal_naive,103,43.0,-19.0
2025-10-01,SKU-123,weekday_mean_8w,103,34.5,3.5
2025-10-01,SKU-124,seasonal_naive,118,106.0,18.0
2025-10-01,SKU-124,weekday_mean_8w,118,98.75,11.0
2025-10-01,SKU-125,seasonal_naive,124,60.0,-40.0
2025-10-01,SKU-125,weekday_mean_8w,124,38.5,-2.0
2025-10-01,SKU-126,seasonal_naive,37,29.0,-13.0
2025-10-01,SKU-126,weekday_mean_8w,37,24.0,2.5
2025-10-01,SKU-127,seasonal_naive,130,76.0,-30.0
2025-10-01,SKU-127,weekday_mean_8w,130,56.5,-1.5
2025-10-01,SKU-128,seasonal_naive,65,53.0,-33.0
2025-10-01,SKU-128,weekday_mean_8w,65,43.5,-13.0
2025-11-01,SKU-001,seasonal_naive,215,93.0,-11.0
2025-11-01,SKU-001,weekday_mean_8w,215,73.25,-12.0
2025-11-01,SKU-002,seasonal_naive,56,48.0,0.0
2025-11-01,SKU-002,weekday_mean_8w,56,39.75,-3.5
2025-11-01,SKU-003,seasonal_naive,152,50.0,16.0
2025-11-01,SKU-003,weekday_mean_8w,152,42.75,-1.5
2025-11-01,SKU-004,seasonal_naive,352,198.0,-80.0
2025-11-01,SKU-004,weekday_mean_8w,352,173.75,-37.5
2025-11-01,SKU-005,seasonal_naive,56,36.0,4.0
2025-11-01,SKU-005,weekday_mean_8w,56,31.25,-14.0
2025-11-01,SKU-006,seasonal_naive,110,72.0,-46.0
2025-11-01,SKU-006,weekday_mean_8w,110,50.25,-17.0
2025-11-01,SKU-007,seasonal_naive,229,123.0,-29.0
2025-11-01,SKU-007,weekday_mean_8w,229,88.25,-60.5
2025-11-01,SKU-008,seasonal_naive,98,90.0,-6.0
2025-11-01,SKU-008,weekday_mean_8w,98,84.25,7.5
2025-11-01,SKU-009,seasonal_naive,349,131.0,23.0
2025-11-01,SKU-009,weekday_mean_8w,349,89.75,-44.0
2025-11-01,SKU-010,seasonal_naive,111,77.0,-7.0
2025-11-01,SKU-010,weekday_mean_8w,111,49.25,-2.0
2025-11-01,SKU-011,seasonal_naive,234,106.0,22.0
2025-11-01,SKU-011,weekday_mean_8w,234,82.25,-32.5
2025-11-01,SKU-012,seasonal_naive,126,114.0,-54.0
2025-11-01,SKU-012,weekday_mean_8w,126,85.75,-51.5
2025-11-01,SKU-013,seasonal_naive,755,161.0,-11.0
2025-11-01,SKU-013,weekday_mean_8w,755,118.25,-82.5
2025-11-01,SKU-014,seasonal_naive,88,54.0,24.0
2025-11-01,SKU-014,weekday_mean_8w,88,39.0,-3.5
2025-11-01,SKU-015,seasonal_naive,217,127.0,-101.0
2025-11-01,SKU-015,weekday_mean_8w,217,78.25,-61.5
2025-11-01,SKU-016,seasonal_naive,259,149.0,33.0
2025-11-01,SKU-016,weekday_mean_8w,259,145.75,-31.0
2025-11-01,SKU-017,seasonal_naive,402,130.0,-6.0
2025-11-01,SKU-017,weekday_mean_8w,402,86.0,-8.0
2025-11-01,SKU-018,seasonal_naive,76,48.0,24.0
2025-11-01,SKU-018,weekday_mean_8w,76,36.75,-4.0
2025-11-01,SKU-019,seasonal_naive,588,132.0,-20.0
2025-11-01,SKU-019,weekday_mean_8w,588,99.0,8.5
2025-11-01,SKU-020,seasonal_naive,53,73.0,19.0
2025-11-01,SKU-020,weekday_mean_8w,53,47.25,1.0
2025-11-01,SKU-021,seasonal_naive,477,143.0,-93.0
2025-11-01,SKU-021,weekday_mean_8w,477,106.25,-53.0
2025-11-01,SKU-022,seasonal_naive,158,88.0,-26.0
2025-11-01,SKU-022,weekday_mean_8w,158,58.5,-14.0
2025-11-01,SKU-023,seasonal_naive,106,52.0,30.0
2025-11-01,SKU-023,weekday_mean_8w,106,46.75,8.0
2025-11-01,SKU-024,seasonal_naive,25,33.0,-5.0
2025-11-01,SKU-024,weekday_mean_8w,25,24.0,-6.0
2025-11-01,SKU-025,seasonal_naive,451,169.0,45.0
2025-11-01,SKU-025,weekday_mean_8w,451,100.25,-51.5
2025-11-01,SKU-026,seasonal_naive,302,104.0,30.0
2025-11-01,SKU-026,weekday_mean_8w,302,85.25,-0.5
2025-11-01,SKU-027,seasonal_naive,187,89.0,13.0
2025-11-01,SKU-027,weekday_mean_8w,187,49.25,14.0
2025-11-01,SKU-028,seasonal_naive,196,132.0,-8.0
2025-11-01,SKU-028,weekday_mean_8w,196,83.75,18.5
2025-11-01,SKU-029,seasonal_naive,46,38.0,-6.0
2025-11-01,SKU-029,weekday_mean_8w,46,20.75,3.0
2025-11-01,SKU-030,seasonal_naive,482,122.0,-38.0
2025-11-01,SKU-030,weekday_mean_8w,482,92.0,10.0
2025-11-01,SKU-031,seasonal_naive,134,82.0,-2.0
2025-11-01,SKU-031,weekday_mean_8w,134,55.0,-5.5
2025-11-01,SKU-032,seasonal_naive,145,139.0,7.0
2025-11-01,SKU-032,weekday_mean_8w,145,100.25,38.0
2025-11-01,SKU-033,seasonal_naive,241,87.0,-25.0
2025-11-01,SKU-033,weekday_mean_8w,241,65.75,9.0
2025-11-01,SKU-034,seasonal_naive,215,77.0,13.0
2025-11-01,SKU-034,weekday_mean_8w,215,62.0,24.0
2025-11-01,SKU-035,seasonal_naive,74,52.0,-2.0
2025-11-01,SKU-035,weekday_mean_8w,74,38.75,13.0
2025-11-01,SKU-036,seasonal_naive,72,78.0,-8.0
2025-11-01,SKU-036,weekday_mean_8w,72,59.75,15.5
2025-11-01,SKU-037,seasonal_naive,173,101.0,79.0
2025-11-01,SKU-037,weekday_mean_8w,173,62.5,52.0
2025-11-01,SKU-038,seasonal_naive,110,52.0,-2.0
2025-11-01,SKU-038,weekday_mean_8w,110,50.75,10.0
2025-11-01,SKU-039,seasonal_naive,340,106.0,-12.0
2025-11-01,SKU-039,weekday_mean_8w,340,78.75,26.0
2025-11-01,SKU-040,seasonal_naive,222,200.0,-34.0
2025-11-01,SKU-040,weekday_mean_8w,222,106.25,37.0
2025-11-01,SKU-041,seasonal_naive,642,154.0,66.0
2025-11-01,SKU-041,weekday_mean_8w,642,122.5,59.5
2025-11-01,SKU-042,seasonal_naive,20,34.0,28.0
2025-11-01,SKU-042,weekday_mean_8w,20,24.0,17.5
2025-11-01,SKU-043,seasonal_naive,171,77.0,21.0
2025-11-01,SKU-043,weekday_mean_8w,171,72.25,41.5
2025-11-01,SKU-044,seasonal_naive,104,84.0,-12.0
2025-11-01,SKU-044,weekday_mean_8w,104,61.25,-9.5
2025-11-01,SKU-045,seasonal_naive,103,53.0,-23.0
2025-11-01,SKU-045,weekday_mean_8w,103,39.5,-11.5
2025-11-01,SKU-046,seasonal_naive,91,61.0,1.0
2025-11-01,SKU-046,weekday_mean_8w,91,45.5,5.0
2025-11-01,SKU-047,seasonal_naive,73,69.0,7.0
2025-11-01,SKU-047,weekday_mean_8w,73,42.5,1.5
2025-11-01,SKU-048,seasonal_naive,71,91.0,41.0
2025-11-01,SKU-048,weekday_mean_8w,71,58.75,28.5
2025-11-01,SKU-049,seasonal_naive,95,49.0,45.0
2025-11-01,SKU-049,weekday_mean_8w,95,46.0,34.5
2025-11-01,SKU-050,seasonal_naive,34,30.0,-6.0
2025-11-01,SKU-050,weekday_mean_8w,34,25.0,-2.5
2025-11-01,SKU-051,seasonal_naive,61,39.0,-13.0
2025-11-01,SKU-051,weekday_mean_8w,61,35.75,15.0
2025-11-01,SKU-052,seasonal_naive,54,96.0,78.0
2025-11-01,SKU-052,weekday_mean_8w,54,72.25,55.0
2025-11-01,SKU-053,seasonal_naive,81,67.0,19.0
2025-11-01,SKU-053,weekday_mean_8w,81,51.25,-1.0
2025-11-01,SKU-054,seasonal_naive,101,55.0,23.0
2025-11-01,SKU-054,weekday_mean_8w,101,46.75,-12.0
2025-11-01,SKU-055,seasonal_naive,146,98.0,-18.0
2025-11-01,SKU-055,weekday_mean_8w,146,67.25,19.5
2025-11-01,SKU-056,seasonal_naive,30,48.0,38.0
2025-11-01,SKU-056,weekday_mean_8w,30,27.25,9.5
2025-11-01,SKU-057,seasonal_naive,151,69.0,-47.0
2025-11-01,SKU-057,weekday_mean_8w,151,56.25,2.5
2025-11-01,SKU-058,seasonal_naive,217,59.0,-9.0
2025-11-01,SKU-058,weekday_mean_8w,217,55.75,-7.5
2025-11-01,SKU-059,seasonal_naive,27,19.0,-7.0
2025-11-01,SKU-059,weekday_mean_8w,27,20.25,4.5
2025-11-01,SKU-060,seasonal_naive,29,29.0,11.0
2025-11-01,SKU-060,weekday_mean_8w,29,30.0,3.5
2025-11-01,SKU-061,seasonal_naive,99,49.0,9.0
2025-11-01,SKU-061,weekday_mean_8w,99,35.75,0.0
2025-11-01,SKU-062,seasonal_naive,227,105.0,-79.0
2025-11-01,SKU-062,weekday_mean_8w,227,80.25,-39.0
2025-11-01,SKU-063,seasonal_naive,143,41.0,5.0
2025-11-01,SKU-063,weekday_mean_8w,143,52.75,-8.5
2025-11-01,SKU-064,seasonal_naive,111,87.0,29.0
2025-11-01,SKU-064,weekday_mean_8w,111,81.0,18.5
2025-11-01,SKU-065,seasonal_naive,26,28.0,-18.0
2025-11-01,SKU-065,weekday_mean_8w,26,19.25,9.5
2025-11-01,SKU-066,seasonal_naive,58,28.0,-2.0
2025-11-01,SKU-066,weekday_mean_8w,58,36.0,5.0
2025-11-01,SKU-067,seasonal_naive,154,74.0,6.0
2025-11-01,SKU-067,weekday_mean_8w,154,56.0,-12.5
2025-11-01,SKU-068,seasonal_naive,315,149.0,-31.0
2025-11-01,SKU-068,weekday_mean_8w,315,133.25,-49.5
2025-11-01,SKU-069,seasonal_naive,61,41.0,-1.0
2025-11-01,SKU-069,weekday_mean_8w,61,38.0,11.0
2025-11-01,SKU-070,seasonal_naive,195,77.0,5.0
2025-11-01,SKU-070,weekday_mean_8w,195,53.0,-3.0
2025-11-01,SKU-071,seasonal_naive,50,46.0,18.0
2025-11-01,SKU-071,weekday_mean_8w,50,34.25,-10.0
2025-11-01,SKU-072,seasonal_naive,191,149.0,33.0
2025-11-01,SKU-072,weekday_mean_8w,191,100.5,-26.5
2025-11-01,SKU-073,seasonal_naive,92,42.0,-16.0
2025-11-01,SKU-073,weekday_mean_8w,92,46.25,6.5
2025-11-01,SKU-074,seasonal_naive,65,43.0,15.0
2025-11-01,SKU-074,weekday_mean_8w,65,42.5,3.0
2025-11-01,SKU-075,seasonal_naive,89,71.0,-5.0
2025-11-01,SKU-075,weekday_mean_8w,89,39.75,-18.5
2025-11-01,SKU-076,seasonal_naive,177,131.0,-41.0
2025-11-01,SKU-076,weekday_mean_8w,177,124.0,9.5
2025-11-01,SKU-077,seasonal_naive,415,131.0,9.0
2025-11-01,SKU-077,weekday_mean_8w,415,107.25,-72.5
2025-11-01,SKU-078,seasonal_naive,656,112.0,-20.0
2025-11-01,SKU-078,weekday_mean_8w,656,131.0,-86.5
2025-11-01,SKU-079,seasonal_naive,31,25.0,1.0
2025-11-01,SKU-079,weekday_mean_8w,31,22.25,-8.5
2025-11-01,SKU-080,seasonal_naive,121,81.0,-69.0
2025-11-01,SKU-080,weekday_mean_8w,121,65.5,-34.0
2025-11-01,SKU-081,seasonal_naive,33,27.0,-13.0
2025-11-01,SKU-081,weekday_mean_8w,33,23.75,-6.0
2025-11-01,SKU-082,seasonal_naive,292,114.0,40.0
2025-11-01,SKU-082,weekday_mean_8w,292,67.0,-15.0
2025-11-01,SKU-083,seasonal_naive,119,61.0,-3.0
2025-11-01,SKU-083,weekday_mean_8w,119,39.25,-9.5
2025-11-01,SKU-084,seasonal_naive,88,116.0,100.0
2025-11-01,SKU-084,weekday_mean_8w,88,66.5,31.0
2025-11-01,SKU-085,seasonal_naive,375,83.0,-23.0
2025-11-01,SKU-085,weekday_mean_8w,375,91.75,-62.0
2025-11-01,SKU-086,seasonal_naive,95,59.0,-23.0
2025-11-01,SKU-086,weekday_mean_8w,95,52.0,-3.5
2025-11-01,SKU-087,seasonal_naive,590,164.0,-22.0
2025-11-01,SKU-087,weekday_mean_8w,590,102.25,-45.5
2025-11-01,SKU-088,seasonal_naive,165,91.0,-49.0
2025-11-01,SKU-088,weekday_mean_8w,165,63.5,-12.5
2025-11-01,SKU-089,seasonal_naive,142,72.0,-26.0
2025-11-01,SKU-089,weekday_mean_8w,142,58.0,-29.0
2025-11-01,SKU-090,seasonal_naive,361,93.0,39.0
2025-11-01,SKU-090,weekday_mean_8w,361,66.25,-1.5
2025-11-01,SKU-091,seasonal_naive,112,74.0,8.0
2025-11-01,SKU-091,weekday_mean_8w,112,49.25,7.0
2025-11-01,SKU-092,seasonal_naive,93,81.0,27.0
2025-11-01,SKU-092,weekday_mean_8w,93,74.25,5.5
2025-11-01,SKU-093,seasonal_naive,302,96.0,-26.0
2025-11-01,SKU-093,weekday_mean_8w,302,94.5,32.0
2025-11-01,SKU-094,seasonal_naive,210,62.0,10.0
2025-11-01,SKU-094,weekday_mean_8w,210,57.25,-5.0
2025-11-01,SKU-095,seasonal_naive,197,107.0,-9.0
2025-11-01,SKU-095,weekday_mean_8w,197,71.75,-10.5
2025-11-01,SKU-096,seasonal_naive,97,109.0,-1.0
2025-11-01,SKU-096,weekday_mean_8w,97,86.0,37.0
2025-11-01,SKU-097,seasonal_naive,83,57.0,-27.0
2025-11-01,SKU-097,weekday_mean_8w,83,34.75,-12.5
2025-11-01,SKU-098,seasonal_naive,125,91.0,-13.0
2025-11-01,SKU-098,weekday_mean_8w,125,55.0,16.5
2025-11-01,SKU-099,seasonal_naive,98,68.0,6.0
2025-11-01,SKU-099,weekday_mean_8w,98,43.25,6.0
2025-11-01,SKU-100,seasonal_naive,150,124.0,34.0
2025-11-01,SKU-100,weekday_mean_8w,150,89.75,30.5
2025-11-01,SKU-101,seasonal_naive,220,76.0,-44.0
2025-11-01,SKU-101,weekday_mean_8w,220,66.75,35.0
2025-11-01,SKU-102,seasonal_naive,32,26.0,8.0
2025-11-01,SKU-102,weekday_mean_8w,32,27.0,2.0
2025-11-01,SKU-103,seasonal_naive,92,70.0,-8.0
2025-11-01,SKU-103,weekday_mean_8w,92,64.0,19.5
2025-11-01,SKU-104,seasonal_naive,165,193.0,19.0
2025-11-01,SKU-104,weekday_mean_8w,165,113.75,43.5
2025-11-01,SKU-105,seasonal_naive,116,58.0,0.0
2025-11-01,SKU-105,weekday_mean_8w,116,51.25,12.0
2025-11-01,SKU-106,seasonal_naive,152,78.0,0.0
2025-11-01,SKU-106,weekday_mean_8w,152,62.25,42.5
2025-11-01,SKU-107,seasonal_naive,305,99.0,11.0
2025-11-01,SKU-107,weekday_mean_8w,305,80.75,33.5
2025-11-01,SKU-108,seasonal_naive,38,44.0,2.0
2025-11-01,SKU-108,weekday_mean_8w,38,26.0,5.5
2025-11-01,SKU-109,seasonal_naive,216,128.0,92.0
2025-11-01,SKU-109,weekday_mean_8w,216,112.5,98.0
2025-11-01,SKU-110,seasonal_naive,85,57.0,-21.0
2025-11-01,SKU-110,weekday_mean_8w,85,34.25,-10.0
2025-11-01,SKU-111,seasonal_naive,66,42.0,-22.0
2025-11-01,SKU-111,weekday_mean_8w,66,29.0,-4.0
2025-11-01,SKU-112,seasonal_naive,181,161.0,55.0
2025-11-01,SKU-112,weekday_mean_8w,181,114.75,53.0
2025-11-01,SKU-113,seasonal_naive,35,39.0,1.0
2025-11-01,SKU-113,weekday_mean_8w,35,29.25,-5.0
2025-11-01,SKU-114,seasonal_naive,83,35.0,-7.0
2025-11-01,SKU-114,weekday_mean_8w,83,37.25,8.5
2025-11-01,SKU-115,seasonal_naive,62,48.0,-38.0
2025-11-01,SKU-115,weekday_mean_8w,62,31.5,3.0
2025-11-01,SKU-116,seasonal_naive,34,36.0,-14.0
2025-11-01,SKU-116,weekday_mean_8w,34,26.75,3.0
2025-11-01,SKU-117,seasonal_naive,44,38.0,-4.0
2025-11-01,SKU-117,weekday_mean_8w,44,30.0,9.5
2025-11-01,SKU-118,seasonal_naive,598,96.0,-26.0
2025-11-01,SKU-118,weekday_mean_8w,598,93.5,40.0
2025-11-01,SKU-119,seasonal_naive,245,87.0,-9.0
2025-11-01,SKU-119,weekday_mean_8w,245,62.0,-20.5
2025-11-01,SKU-120,seasonal_naive,15,25.0,5.0
2025-11-01,SKU-120,weekday_mean_8w,15,17.75,1.5
2025-11-01,SKU-121,seasonal_naive,117,55.0,-37.0
2025-11-01,SKU-121,weekday_mean_8w,117,50.5,-10.0
2025-11-01,SKU-122,seasonal_naive,196,102.0,24.0
2025-11-01,SKU-122,weekday_mean_8w,196,77.5,-15.0
2025-11-01,SKU-123,seasonal_naive,117,75.0,-5.0
2025-11-01,SKU-123,weekday_mean_8w,117,60.25,-21.5
2025-11-01,SKU-124,seasonal_naive,135,89.0,-19.0
2025-11-01,SKU-124,weekday_mean_8w,135,77.25,-13.0
2025-11-01,SKU-125,seasonal_naive,146,58.0,-30.0
2025-11-01,SKU-125,weekday_mean_8w,146,49.75,-31.0
2025-11-01,SKU-126,seasonal_naive,41,43.0,-9.0
2025-11-01,SKU-126,weekday_mean_8w,41,26.5,-5.0
2025-11-01,SKU-127,seasonal_naive,125,75.0,15.0
2025-11-01,SKU-127,weekday_mean_8w,125,50.75,4.0
2025-11-01,SKU-128,seasonal_naive,63,49.0,-11.0
2025-11-01,SKU-128,weekday_mean_8w,63,43.25,-2.0
2025-12-01,SKU-001,seasonal_naive,231,69.0,-27.0
2025-12-01,SKU-001,weekday_mean_8w,231,61.0,-20.5
2025-12-01,SKU-002,seasonal_naive,56,24.0,-4.0
2025-12-01,SKU-002,weekday_mean_8w,56,25.0,-1.5
2025-12-01,SKU-003,seasonal_naive,145,63.0,31.0
2025-12-01,SKU-003,weekday_mean_8w,145,53.0,6.0
2025-12-01,SKU-004,seasonal_naive,416,188.0,44.0
2025-12-01,SKU-004,weekday_mean_8w,416,187.0,-66.0
2025-12-01,SKU-005,seasonal_naive,53,51.0,19.0
2025-12-01,SKU-005,weekday_mean_8w,53,38.25,-3.0
2025-12-01,SKU-006,seasonal_naive,121,45.0,19.0
2025-12-01,SKU-006,weekday_mean_8w,121,40.25,-20.5
2025-12-01,SKU-007,seasonal_naive,244,78.0,-4.0
2025-12-01,SKU-007,weekday_mean_8w,244,62.0,-34.0
2025-12-01,SKU-008,seasonal_naive,130,80.0,-42.0
2025-12-01,SKU-008,weekday_mean_8w,130,75.0,-35.5
2025-12-01,SKU-009,seasonal_naive,376,112.0,-36.0
2025-12-01,SKU-009,weekday_mean_8w,376,71.75,-43.0
2025-12-01,SKU-010,seasonal_naive,148,92.0,-36.0
2025-12-01,SKU-010,weekday_mean_8w,148,56.0,-28.5
2025-12-01,SKU-011,seasonal_naive,279,123.0,-47.0
2025-12-01,SKU-011,weekday_mean_8w,279,88.25,-55.0
2025-12-01,SKU-012,seasonal_naive,116,92.0,-16.0
2025-12-01,SKU-012,weekday_mean_8w,116,86.25,-21.5
2025-12-01,SKU-013,seasonal_naive,798,150.0,-54.0
2025-12-01,SKU-013,weekday_mean_8w,798,141.25,-66.5
2025-12-01,SKU-014,seasonal_naive,93,37.0,7.0
2025-12-01,SKU-014,weekday_mean_8w,93,37.0,-5.5
2025-12-01,SKU-015,seasonal_naive,193,79.0,15.0
2025-12-01,SKU-015,weekday_mean_8w,193,61.5,-14.0
2025-12-01,SKU-016,seasonal_naive,289,199.0,35.0
2025-12-01,SKU-016,weekday_mean_8w,289,174.0,-23.0
2025-12-01,SKU-017,seasonal_naive,440,130.0,16.0
2025-12-01,SKU-017,weekday_mean_8w,440,101.75,-28.0
2025-12-01,SKU-018,seasonal_naive,82,40.0,-14.0
2025-12-01,SKU-018,weekday_mean_8w,82,35.25,-11.0
2025-12-01,SKU-019,seasonal_naive,633,101.0,47.0
2025-12-01,SKU-019,weekday_mean_8w,633,96.25,-27.5
2025-12-01,SKU-020,seasonal_naive,68,48.0,-24.0
2025-12-01,SKU-020,weekday_mean_8w,68,37.0,-15.5
2025-12-01,SKU-021,seasonal_naive,512,108.0,-64.0
2025-12-01,SKU-021,weekday_mean_8w,512,93.25,-62.5
2025-12-01,SKU-022,seasonal_naive,133,49.0,11.0
2025-12-01,SKU-022,weekday_mean_8w,133,41.25,19.5
2025-12-01,SKU-023,seasonal_naive,122,56.0,-14.0
2025-12-01,SKU-023,weekday_mean_8w,122,56.25,-13.5
2025-12-01,SKU-024,seasonal_naive,21,19.0,11.0
2025-12-01,SKU-024,weekday_mean_8w,21,17.75,2.5
2025-12-01,SKU-025,seasonal_naive,413,123.0,27.0
2025-12-01,SKU-025,weekday_mean_8w,413,84.75,41.0
2025-12-01,SKU-026,seasonal_naive,318,94.0,-54.0
2025-12-01,SKU-026,weekday_mean_8w,318,77.25,-24.5
2025-12-01,SKU-027,seasonal_naive,173,59.0,-9.0
2025-12-01,SKU-027,weekday_mean_8w,173,47.25,26.5
2025-12-01,SKU-028,seasonal_naive,147,125.0,29.0
2025-12-01,SKU-028,weekday_mean_8w,147,105.25,44.5
2025-12-01,SKU-029,seasonal_naive,46,36.0,-6.0
2025-12-01,SKU-029,weekday_mean_8w,46,29.0,1.5
2025-12-01,SKU-030,seasonal_naive,453,87.0,3.0
2025-12-01,SKU-030,weekday_mean_8w,453,99.0,41.5
2025-12-01,SKU-031,seasonal_naive,95,65.0,-7.0
2025-12-01,SKU-031,weekday_mean_8w,95,60.75,24.5
2025-12-01,SKU-032,seasonal_naive,168,112.0,-12.0
2025-12-01,SKU-032,weekday_mean_8w,168,91.0,-15.5
2025-12-01,SKU-033,seasonal_naive,217,103.0,27.0
2025-12-01,SKU-033,weekday_mean_8w,217,81.25,25.0
2025-12-01,SKU-034,seasonal_naive,197,95.0,19.0
2025-12-01,SKU-034,weekday_mean_8w,197,74.75,23.0
2025-12-01,SKU-035,seasonal_naive,67,57.0,-3.0
2025-12-01,SKU-035,weekday_mean_8w,67,42.75,7.0
2025-12-01,SKU-036,seasonal_naive,74,66.0,-2.0
2025-12-01,SKU-036,weekday_mean_8w,74,46.5,-5.5
2025-12-01,SKU-037,seasonal_naive,159,79.0,-15.0
2025-12-01,SKU-037,weekday_mean_8w,159,54.5,36.0
2025-12-01,SKU-038,seasonal_naive,116,60.0,-44.0
2025-12-01,SKU-038,weekday_mean_8w,116,53.0,-7.5
2025-12-01,SKU-039,seasonal_naive,307,109.0,17.0
2025-12-01,SKU-039,weekday_mean_8w,307,88.5,27.5
2025-12-01,SKU-040,seasonal_naive,247,89.0,-19.0
2025-12-01,SKU-040,weekday_mean_8w,247,103.75,-6.5
2025-12-01,SKU-041,seasonal_naive,543,159.0,57.0
2025-12-01,SKU-041,weekday_mean_8w,543,133.5,104.5
2025-12-01,SKU-042,seasonal_naive,24,26.0,-4.0
2025-12-01,SKU-042,weekday_mean_8w,24,20.75,6.5
2025-12-01,SKU-043,seasonal_naive,180,66.0,12.0
2025-12-01,SKU-043,weekday_mean_8w,180,47.0,4.5
2025-12-01,SKU-044,seasonal_naive,57,87.0,43.0
2025-12-01,SKU-044,weekday_mean_8w,57,78.0,41.0
2025-12-01,SKU-045,seasonal_naive,73,39.0,3.0
2025-12-01,SKU-045,weekday_mean_8w,73,49.25,25.5
2025-12-01,SKU-046,seasonal_naive,71,71.0,53.0
2025-12-01,SKU-046,weekday_mean_8w,71,43.25,22.0
2025-12-01,SKU-047,seasonal_naive,53,51.0,31.0
2025-12-01,SKU-047,weekday_mean_8w,53,37.0,22.0
2025-12-01,SKU-048,seasonal_naive,75,73.0,-7.0
2025-12-01,SKU-048,weekday_mean_8w,75,61.25,4.5
2025-12-01,SKU-049,seasonal_naive,114,60.0,-46.0
2025-12-01,SKU-049,weekday_mean_8w,114,43.75,-5.5
2025-12-01,SKU-050,seasonal_naive,26,22.0,-10.0
2025-12-01,SKU-050,weekday_mean_8w,26,19.0,3.0
2025-12-01,SKU-051,seasonal_naive,60,40.0,-24.0
2025-12-01,SKU-051,weekday_mean_8w,60,36.0,3.5
2025-12-01,SKU-052,seasonal_naive,106,64.0,-18.0
2025-12-01,SKU-052,weekday_mean_8w,106,58.0,-25.5
2025-12-01,SKU-053,seasonal_naive,62,58.0,14.0
2025-12-01,SKU-053,weekday_mean_8w,62,46.75,17.5
2025-12-01,SKU-054,seasonal_naive,78,78.0,30.0
2025-12-01,SKU-054,weekday_mean_8w,78,57.0,18.0
2025-12-01,SKU-055,seasonal_naive,161,61.0,-25.0
2025-12-01,SKU-055,weekday_mean_8w,161,56.25,-17.5
2025-12-01,SKU-056,seasonal_naive,40,28.0,-20.0
2025-12-01,SKU-056,weekday_mean_8w,40,25.75,-4.5
2025-12-01,SKU-057,seasonal_naive,175,77.0,25.0
2025-12-01,SKU-057,weekday_mean_8w,175,57.25,-27.0
2025-12-01,SKU-058,seasonal_naive,215,93.0,-51.0
2025-12-01,SKU-058,weekday_mean_8w,215,76.75,3.5
2025-12-01,SKU-059,seasonal_naive,36,24.0,0.0
2025-12-01,SKU-059,weekday_mean_8w,36,22.5,-8.0
2025-12-01,SKU-060,seasonal_naive,28,36.0,0.0
2025-12-01,SKU-060,weekday_mean_8w,28,21.25,4.0
2025-12-01,SKU-061,seasonal_naive,112,68.0,-48.0
2025-12-01,SKU-061,weekday_mean_8w,112,51.5,-16.0
2025-12-01,SKU-062,seasonal_naive,220,76.0,40.0
2025-12-01,SKU-062,weekday_mean_8w,220,40.25,-17.5
2025-12-01,SKU-063,seasonal_naive,174,72.0,-38.0
2025-12-01,SKU-063,weekday_mean_8w,174,64.5,-29.0
2025-12-01,SKU-064,seasonal_naive,148,114.0,-4.0
2025-12-01,SKU-064,weekday_mean_8w,148,79.5,-28.5
2025-12-01,SKU-065,seasonal_naive,36,28.0,-16.0
2025-12-01,SKU-065,weekday_mean_8w,36,26.0,-6.5
2025-12-01,SKU-066,seasonal_naive,90,58.0,-34.0
2025-12-01,SKU-066,weekday_mean_8w,90,47.25,-34.5
2025-12-01,SKU-067,seasonal_naive,173,83.0,-45.0
2025-12-01,SKU-067,weekday_mean_8w,173,50.75,-19.0
2025-12-01,SKU-068,seasonal_naive,305,155.0,-69.0
2025-12-01,SKU-068,weekday_mean_8w,305,178.75,-7.5
2025-12-01,SKU-069,seasonal_naive,99,37.0,-7.0
2025-12-01,SKU-069,weekday_mean_8w,99,47.75,-34.0
2025-12-01,SKU-070,seasonal_naive,244,90.0,-28.0
2025-12-01,SKU-070,weekday_mean_8w,244,71.5,-53.0
2025-12-01,SKU-071,seasonal_naive,50,34.0,22.0
2025-12-01,SKU-071,weekday_mean_8w,50,25.75,-3.0
2025-12-01,SKU-072,seasonal_naive,177,129.0,-1.0
2025-12-01,SKU-072,weekday_mean_8w,177,111.25,10.0
2025-12-01,SKU-073,seasonal_naive,122,48.0,6.0
2025-12-01,SKU-073,weekday_mean_8w,122,51.0,-29.0
2025-12-01,SKU-074,seasonal_naive,82,46.0,-34.0
2025-12-01,SKU-074,weekday_mean_8w,82,40.5,-15.0
2025-12-01,SKU-075,seasonal_naive,93,57.0,-5.0
2025-12-01,SKU-075,weekday_mean_8w,93,43.75,-12.0
2025-12-01,SKU-076,seasonal_naive,269,131.0,-49.0
2025-12-01,SKU-076,weekday_mean_8w,269,110.25,-77.0
2025-12-01,SKU-077,seasonal_naive,412,92.0,0.0
2025-12-01,SKU-077,weekday_mean_8w,412,76.75,-21.0
2025-12-01,SKU-078,seasonal_naive,672,170.0,0.0
2025-12-01,SKU-078,weekday_mean_8w,672,112.25,-39.5
2025-12-01,SKU-079,seasonal_naive,34,24.0,-10.0
2025-12-01,SKU-079,weekday_mean_8w,34,26.0,-6.0
2025-12-01,SKU-080,seasonal_naive,100,76.0,28.0
2025-12-01,SKU-080,weekday_mean_8w,100,52.25,2.5
2025-12-01,SKU-081,seasonal_naive,33,27.0,3.0
2025-12-01,SKU-081,weekday_mean_8w,33,23.5,0.0
2025-12-01,SKU-082,seasonal_naive,319,103.0,-11.0
2025-12-01,SKU-082,weekday_mean_8w,319,92.5,-25.0
2025-12-01,SKU-083,seasonal_naive,98,52.0,34.0
2025-12-01,SKU-083,weekday_mean_8w,98,46.25,15.5
2025-12-01,SKU-084,seasonal_naive,144,128.0,-40.0
2025-12-01,SKU-084,weekday_mean_8w,144,81.0,-27.5
2025-12-01,SKU-085,seasonal_naive,338,120.0,-14.0
2025-12-01,SKU-085,weekday_mean_8w,338,70.25,17.5
2025-12-01,SKU-086,seasonal_naive,91,63.0,-19.0
2025-12-01,SKU-086,weekday_mean_8w,91,43.75,-0.5
2025-12-01,SKU-087,seasonal_naive,620,130.0,-24.0
2025-12-01,SKU-087,weekday_mean_8w,620,106.0,-44.5
2025-12-01,SKU-088,seasonal_naive,143,161.0,93.0
2025-12-01,SKU-088,weekday_mean_8w,143,115.25,19.5
2025-12-01,SKU-089,seasonal_naive,129,81.0,-17.0
2025-12-01,SKU-089,weekday_mean_8w,129,52.5,-3.0
2025-12-01,SKU-090,seasonal_naive,338,120.0,14.0
2025-12-01,SKU-090,weekday_mean_8w,338,87.0,29.5
2025-12-01,SKU-091,seasonal_naive,94,80.0,10.0
2025-12-01,SKU-091,weekday_mean_8w,94,56.75,28.0
2025-12-01,SKU-092,seasonal_naive,109,73.0,39.0
2025-12-01,SKU-092,weekday_mean_8w,109,72.5,-3.5
2025-12-01,SKU-093,seasonal_naive,279,93.0,37.0
2025-12-01,SKU-093,weekday_mean_8w,279,56.25,34.5
2025-12-01,SKU-094,seasonal_naive,201,61.0,-33.0
2025-12-01,SKU-094,weekday_mean_8w,201,50.75,9.0
2025-12-01,SKU-095,seasonal_naive,161,95.0,47.0
2025-12-01,SKU-095,weekday_mean_8w,161,61.5,33.5
2025-12-01,SKU-096,seasonal_naive,115,89.0,-11.0
2025-12-01,SKU-096,weekday_mean_8w,115,59.75,2.0
2025-12-01,SKU-097,seasonal_naive,70,46.0,6.0
2025-12-01,SKU-097,weekday_mean_8w,70,35.5,2.5
2025-12-01,SKU-098,seasonal_naive,108,40.0,-4.0
2025-12-01,SKU-098,weekday_mean_8w,108,42.5,18.0
2025-12-01,SKU-099,seasonal_naive,75,47.0,5.0
2025-12-01,SKU-099,weekday_mean_8w,75,43.25,21.5
2025-12-01,SKU-100,seasonal_naive,130,106.0,-30.0
2025-12-01,SKU-100,weekday_mean_8w,130,79.25,26.0
2025-12-01,SKU-101,seasonal_naive,191,111.0,21.0
2025-12-01,SKU-101,weekday_mean_8w,191,80.5,25.0
2025-12-01,SKU-102,seasonal_naive,31,23.0,-19.0
2025-12-01,SKU-102,weekday_mean_8w,31,20.25,2.0
2025-12-01,SKU-103,seasonal_naive,93,63.0,7.0
2025-12-01,SKU-103,weekday_mean_8w,93,35.75,-4.5
2025-12-01,SKU-104,seasonal_naive,217,77.0,19.0
2025-12-01,SKU-104,weekday_mean_8w,217,103.0,-29.5
2025-12-01,SKU-105,seasonal_naive,103,63.0,-31.0
2025-12-01,SKU-105,weekday_mean_8w,103,50.0,9.5
2025-12-01,SKU-106,seasonal_naive,151,59.0,5.0
2025-12-01,SKU-106,weekday_mean_8w,151,55.0,8.0
2025-12-01,SKU-107,seasonal_naive,297,137.0,-45.0
2025-12-01,SKU-107,weekday_mean_8w,297,81.5,10.5
2025-12-01,SKU-108,seasonal_naive,36,26.0,4.0
2025-12-01,SKU-108,weekday_mean_8w,36,25.25,4.5
2025-12-01,SKU-109,seasonal_naive,253,113.0,-49.0
2025-12-01,SKU-109,weekday_mean_8w,253,73.5,2.5
2025-12-01,SKU-110,seasonal_naive,54,48.0,22.0
2025-12-01,SKU-110,weekday_mean_8w,54,38.25,22.0
2025-12-01,SKU-111,seasonal_naive,53,37.0,3.0
2025-12-01,SKU-111,weekday_mean_8w,53,32.0,7.5
2025-12-01,SKU-112,seasonal_naive,147,157.0,137.0
2025-12-01,SKU-112,weekday_mean_8w,147,112.0,46.0
2025-12-01,SKU-113,seasonal_naive,27,31.0,1.0
2025-12-01,SKU-113,weekday_mean_8w,27,22.25,5.0
2025-12-01,SKU-114,seasonal_naive,73,43.0,7.0
2025-12-01,SKU-114,weekday_mean_8w,73,44.0,6.5
2025-12-01,SKU-115,seasonal_naive,80,38.0,-12.0
2025-12-01,SKU-115,weekday_mean_8w,80,38.25,-18.5
2025-12-01,SKU-116,seasonal_naive,46,46.0,2.0
2025-12-01,SKU-116,weekday_mean_8w,46,29.0,-7.5
2025-12-01,SKU-117,seasonal_naive,43,27.0,-7.0
2025-12-01,SKU-117,weekday_mean_8w,43,24.75,2.5
2025-12-01,SKU-118,seasonal_naive,605,141.0,-29.0
2025-12-01,SKU-118,weekday_mean_8w,605,107.0,5.5
2025-12-01,SKU-119,seasonal_naive,252,106.0,-20.0
2025-12-01,SKU-119,weekday_mean_8w,252,64.5,-31.0
2025-12-01,SKU-120,seasonal_naive,19,23.0,-7.0
2025-12-01,SKU-120,weekday_mean_8w,19,16.25,-5.0
2025-12-01,SKU-121,seasonal_naive,106,54.0,10.0
2025-12-01,SKU-121,weekday_mean_8w,106,36.5,3.5
2025-12-01,SKU-122,seasonal_naive,213,81.0,-9.0
2025-12-01,SKU-122,weekday_mean_8w,213,62.0,-27.0
2025-12-01,SKU-123,seasonal_naive,130,66.0,6.0
2025-12-01,SKU-123,weekday_mean_8w,130,53.25,-15.5
2025-12-01,SKU-124,seasonal_naive,161,109.0,7.0
2025-12-01,SKU-124,weekday_mean_8w,161,84.75,-29.0
2025-12-01,SKU-125,seasonal_naive,130,62.0,26.0
2025-12-01,SKU-125,weekday_mean_8w,130,46.5,4.0
2025-12-01,SKU-126,seasonal_naive,55,45.0,-31.0
2025-12-01,SKU-126,weekday_mean_8w,55,36.75,-16.0
2025-12-01,SKU-127,seasonal_naive,141,67.0,-41.0
2025-12-01,SKU-127,weekday_mean_8w,141,58.5,-14.0
2025-12-01,SKU-128,seasonal_naive,54,64.0,22.0
2025-12-01,SKU-128,weekday_mean_8w,54,40.25,14.5
