month,product_id,demand_units
2023-01,SKU-001,272
2023-01,SKU-002,69
2023-01,SKU-003,208
2023-01,SKU-004,559
2023-01,SKU-005,54
2023-01,SKU-006,149
2023-01,SKU-007,281
2023-01,SKU-008,181
2023-01,SKU-009,462
2023-01,SKU-010,151
2023-01,SKU-011,310
2023-01,SKU-012,145
2023-01,SKU-013,960
2023-01,SKU-014,117
2023-01,SKU-015,240
2023-01,SKU-016,228
2023-01,SKU-017,497
2023-01,SKU-018,82
2023-01,SKU-019,674
2023-01,SKU-020,64
2023-01,SKU-021,522
2023-01,SKU-022,170
2023-01,SKU-023,126
2023-01,SKU-024,27
2023-01,SKU-025,379
2023-01,SKU-026,293
2023-01,SKU-027,199
2023-01,SKU-028,148
2023-01,SKU-029,37
2023-01,SKU-030,461
2023-01,SKU-031,98
2023-01,SKU-032,190
2023-01,SKU-033,189
2023-01,SKU-034,197
2023-01,SKU-035,80
2023-01,SKU-036,76
2023-01,SKU-037,174
2023-01,SKU-038,104
2023-01,SKU-039,315
2023-01,SKU-040,184
2023-01,SKU-041,533
2023-01,SKU-042,26
2023-01,SKU-043,190
2023-01,SKU-044,105
2023-01,SKU-045,79
2023-01,SKU-046,91
2023-01,SKU-047,70
2023-01,SKU-048,108
2023-01,SKU-049,114
2023-01,SKU-050,16
2023-01,SKU-051,82
2023-01,SKU-052,139
2023-01,SKU-053,70
2023-01,SKU-054,107
2023-01,SKU-055,179
2023-01,SKU-056,35
2023-01,SKU-057,196
2023-01,SKU-058,285
2023-01,SKU-059,38
2023-01,SKU-060,30
2023-01,SKU-061,130
2023-01,SKU-062,299
2023-01,SKU-063,235
2023-01,SKU-064,167
2023-01,SKU-065,43
2023-01,SKU-066,109
2023-01,SKU-067,219
2023-01,SKU-068,410
2023-01,SKU-069,92
2023-01,SKU-070,335
2023-01,SKU-071,55
2023-01,SKU-072,213
2023-01,SKU-073,173
2023-01,SKU-074,103
2023-01,SKU-075,85
2023-01,SKU-076,256
2023-01,SKU-077,469
2023-01,SKU-078,779
2023-01,SKU-079,33
2023-01,SKU-080,122
2023-01,SKU-081,43
2023-01,SKU-082,313
2023-01,SKU-083,123
2023-01,SKU-084,142
2023-01,SKU-085,381
2023-01,SKU-086,93
2023-01,SKU-087,578
2023-01,SKU-088,156
2023-01,SKU-089,105
2023-01,SKU-090,349
2023-01,SKU-091,88
2023-01,SKU-092,91
2023-01,SKU-093,284
2023-01,SKU-094,173
2023-01,SKU-095,158
2023-01,SKU-096,114
2023-01,SKU-097,56
2023-01,SKU-098,109
2023-01,SKU-099,57
2023-01,SKU-100,147
2023-01,SKU-101,200
2023-01,SKU-102,27
2023-01,SKU-103,105
2023-01,SKU-104,149
2023-01,SKU-105,117
2023-01,SKU-106,154
2023-01,SKU-107,277
2023-01,SKU-108,28
2023-01,SKU-109,265
2023-01,SKU-110,77
2023-01,SKU-111,67
2023-01,SKU-112,223
2023-01,SKU-113,22
2023-01,SKU-114,94
2023-01,SKU-115,78
2023-01,SKU-116,37
2023-01,SKU-117,52
2023-01,SKU-118,741
2023-01,SKU-119,275
2023-01,SKU-120,21
2023-01,SKU-121,166
2023-01,SKU-122,252
2023-01,SKU-123,153
2023-01,SKU-124,156
2023-01,SKU-125,184
2023-01,SKU-126,50
2023-01,SKU-127,198
2023-01,SKU-128,63
2023-02,SKU-001,292
2023-02,SKU-002,97
2023-02,SKU-003,200
2023-02,SKU-004,479
2023-02,SKU-005,59
2023-02,SKU-006,125
2023-02,SKU-007,245
2023-02,SKU-008,102
2023-02,SKU-009,419
2023-02,SKU-010,176
2023-02,SKU-011,304
2023-02,SKU-012,110
2023-02,SKU-013,848
2023-02,SKU-014,100
2023-02,SKU-015,199
2023-02,SKU-016,250
2023-02,SKU-017,394
2023-02,SKU-018,86
2023-02,SKU-019,530
2023-02,SKU-020,62
2023-02,SKU-021,442
2023-02,SKU-022,134
2023-02,SKU-023,90
2023-02,SKU-024,18
2023-02,SKU-025,351
2023-02,SKU-026,250
2023-02,SKU-027,166
2023-02,SKU-028,146
2023-02,SKU-029,37
2023-02,SKU-030,376
2023-02,SKU-031,82
2023-02,SKU-032,157
2023-02,SKU-033,156
2023-02,SKU-034,145
2023-02,SKU-035,72
2023-02,SKU-036,48
2023-02,SKU-037,140
2023-02,SKU-038,85
2023-02,SKU-039,237
2023-02,SKU-040,192
2023-02,SKU-041,494
2023-02,SKU-042,18
2023-02,SKU-043,166
2023-02,SKU-044,88
2023-02,SKU-045,86
2023-02,SKU-046,83
2023-02,SKU-047,71
2023-02,SKU-048,77
2023-02,SKU-049,96
2023-02,SKU-050,30
2023-02,SKU-051,87
2023-02,SKU-052,133
2023-02,SKU-053,99
2023-02,SKU-054,103
2023-02,SKU-055,175
2023-02,SKU-056,37
2023-02,SKU-057,187
2023-02,SKU-058,307
2023-02,SKU-059,38
2023-02,SKU-060,35
2023-02,SKU-061,131
2023-02,SKU-062,273
2023-02,SKU-063,223
2023-02,SKU-064,225
2023-02,SKU-065,31
2023-02,SKU-066,110
2023-02,SKU-067,186
2023-02,SKU-068,376
2023-02,SKU-069,76
2023-02,SKU-070,256
2023-02,SKU-071,61
2023-02,SKU-072,246
2023-02,SKU-073,137
2023-02,SKU-074,68
2023-02,SKU-075,103
2023-02,SKU-076,274
2023-02,SKU-077,360
2023-02,SKU-078,633
2023-02,SKU-079,25
2023-02,SKU-080,124
2023-02,SKU-081,27
2023-02,SKU-082,265
2023-02,SKU-083,106
2023-02,SKU-084,106
2023-02,SKU-085,313
2023-02,SKU-086,78
2023-02,SKU-087,497
2023-02,SKU-088,133
2023-02,SKU-089,100
2023-02,SKU-090,266
2023-02,SKU-091,92
2023-02,SKU-092,57
2023-02,SKU-093,216
2023-02,SKU-094,137
2023-02,SKU-095,140
2023-02,SKU-096,77
2023-02,SKU-097,56
2023-02,SKU-098,99
2023-02,SKU-099,57
2023-02,SKU-100,132
2023-02,SKU-101,165
2023-02,SKU-102,22
2023-02,SKU-103,98
2023-02,SKU-104,150
2023-02,SKU-105,87
2023-02,SKU-106,153
2023-02,SKU-107,287
2023-02,SKU-108,43
2023-02,SKU-109,234
2023-02,SKU-110,88
2023-02,SKU-111,59
2023-02,SKU-112,179
2023-02,SKU-113,44
2023-02,SKU-114,90
2023-02,SKU-115,75
2023-02,SKU-116,60
2023-02,SKU-117,41
2023-02,SKU-118,711
2023-02,SKU-119,269
2023-02,SKU-120,15
2023-02,SKU-121,130
2023-02,SKU-122,264
2023-02,SKU-123,157
2023-02,SKU-124,199
2023-02,SKU-125,191
2023-02,SKU-126,59
2023-02,SKU-127,201
2023-02,SKU-128,84
2023-03,SKU-001,334
2023-03,SKU-002,95
2023-03,SKU-003,210
2023-03,SKU-004,586
2023-03,SKU-005,63
2023-03,SKU-006,151
2023-03,SKU-007,249
2023-03,SKU-008,168
2023-03,SKU-009,475
2023-03,SKU-010,167
2023-03,SKU-011,296
2023-03,SKU-012,141
2023-03,SKU-013,843
2023-03,SKU-014,101
2023-03,SKU-015,190
2023-03,SKU-016,297
2023-03,SKU-017,421
2023-03,SKU-018,87
2023-03,SKU-019,578
2023-03,SKU-020,60
2023-03,SKU-021,408
2023-03,SKU-022,135
2023-03,SKU-023,105
2023-03,SKU-024,13
2023-03,SKU-025,324
2023-03,SKU-026,254
2023-03,SKU-027,146
2023-03,SKU-028,141
2023-03,SKU-029,34
2023-03,SKU-030,364
2023-03,SKU-031,83
2023-03,SKU-032,128
2023-03,SKU-033,158
2023-03,SKU-034,160
2023-03,SKU-035,60
2023-03,SKU-036,59
2023-03,SKU-037,141
2023-03,SKU-038,92
2023-03,SKU-039,306
2023-03,SKU-040,229
2023-03,SKU-041,576
2023-03,SKU-042,24
2023-03,SKU-043,188
2023-03,SKU-044,98
2023-03,SKU-045,101
2023-03,SKU-046,97
2023-03,SKU-047,78
2023-03,SKU-048,131
2023-03,SKU-049,124
2023-03,SKU-050,39
2023-03,SKU-051,81
2023-03,SKU-052,145
2023-03,SKU-053,109
2023-03,SKU-054,122
2023-03,SKU-055,232
2023-03,SKU-056,39
2023-03,SKU-057,232
2023-03,SKU-058,344
2023-03,SKU-059,56
2023-03,SKU-060,50
2023-03,SKU-061,153
2023-03,SKU-062,320
2023-03,SKU-063,233
2023-03,SKU-064,173
2023-03,SKU-065,51
2023-03,SKU-066,93
2023-03,SKU-067,223
2023-03,SKU-068,383
2023-03,SKU-069,116
2023-03,SKU-070,314
2023-03,SKU-071,61
2023-03,SKU-072,218
2023-03,SKU-073,140
2023-03,SKU-074,92
2023-03,SKU-075,92
2023-03,SKU-076,218
2023-03,SKU-077,423
2023-03,SKU-078,645
2023-03,SKU-079,17
2023-03,SKU-080,105
2023-03,SKU-081,27
2023-03,SKU-082,258
2023-03,SKU-083,107
2023-03,SKU-084,106
2023-03,SKU-085,285
2023-03,SKU-086,82
2023-03,SKU-087,487
2023-03,SKU-088,101
2023-03,SKU-089,97
2023-03,SKU-090,288
2023-03,SKU-091,89
2023-03,SKU-092,69
2023-03,SKU-093,211
2023-03,SKU-094,143
2023-03,SKU-095,140
2023-03,SKU-096,68
2023-03,SKU-097,47
2023-03,SKU-098,111
2023-03,SKU-099,58
2023-03,SKU-100,127
2023-03,SKU-101,179
2023-03,SKU-102,19
2023-03,SKU-103,95
2023-03,SKU-104,206
2023-03,SKU-105,110
2023-03,SKU-106,181
2023-03,SKU-107,365
2023-03,SKU-108,57
2023-03,SKU-109,267
2023-03,SKU-110,84
2023-03,SKU-111,74
2023-03,SKU-112,249
2023-03,SKU-113,31
2023-03,SKU-114,119
2023-03,SKU-115,81
2023-03,SKU-116,73
2023-03,SKU-117,51
2023-03,SKU-118,902
2023-03,SKU-119,316
2023-03,SKU-120,30
2023-03,SKU-121,178
2023-03,SKU-122,287
2023-03,SKU-123,183
2023-03,SKU-124,225
2023-03,SKU-125,192
2023-03,SKU-126,76
2023-03,SKU-127,210
2023-03,SKU-128,88
2023-04,SKU-001,289
2023-04,SKU-002,80
2023-04,SKU-003,191
2023-04,SKU-004,394
2023-04,SKU-005,55
2023-04,SKU-006,141
2023-04,SKU-007,252
2023-04,SKU-008,140
2023-04,SKU-009,398
2023-04,SKU-010,161
2023-04,SKU-011,258
2023-04,SKU-012,90
2023-04,SKU-013,765
2023-04,SKU-014,86
2023-04,SKU-015,169
2023-04,SKU-016,209
2023-04,SKU-017,387
2023-04,SKU-018,56
2023-04,SKU-019,487
2023-04,SKU-020,51
2023-04,SKU-021,401
2023-04,SKU-022,121
2023-04,SKU-023,76
2023-04,SKU-024,13
2023-04,SKU-025,306
2023-04,SKU-026,219
2023-04,SKU-027,119
2023-04,SKU-028,141
2023-04,SKU-029,32
2023-04,SKU-030,354
2023-04,SKU-031,66
2023-04,SKU-032,125
2023-04,SKU-033,166
2023-04,SKU-034,189
2023-04,SKU-035,64
2023-04,SKU-036,69
2023-04,SKU-037,172
2023-04,SKU-038,103
2023-04,SKU-039,324
2023-04,SKU-040,218
2023-04,SKU-041,596
2023-04,SKU-042,26
2023-04,SKU-043,178
2023-04,SKU-044,125
2023-04,SKU-045,121
2023-04,SKU-046,108
2023-04,SKU-047,91
2023-04,SKU-048,132
2023-04,SKU-049,136
2023-04,SKU-050,39
2023-04,SKU-051,94
2023-04,SKU-052,154
2023-04,SKU-053,120
2023-04,SKU-054,141
2023-04,SKU-055,255
2023-04,SKU-056,48
2023-04,SKU-057,248
2023-04,SKU-058,339
2023-04,SKU-059,46
2023-04,SKU-060,36
2023-04,SKU-061,159
2023-04,SKU-062,352
2023-04,SKU-063,234
2023-04,SKU-064,166
2023-04,SKU-065,67
2023-04,SKU-066,95
2023-04,SKU-067,231
2023-04,SKU-068,426
2023-04,SKU-069,100
2023-04,SKU-070,275
2023-04,SKU-071,62
2023-04,SKU-072,205
2023-04,SKU-073,128
2023-04,SKU-074,94
2023-04,SKU-075,88
2023-04,SKU-076,220
2023-04,SKU-077,351
2023-04,SKU-078,609
2023-04,SKU-079,27
2023-04,SKU-080,100
2023-04,SKU-081,36
2023-04,SKU-082,252
2023-04,SKU-083,83
2023-04,SKU-084,86
2023-04,SKU-085,270
2023-04,SKU-086,60
2023-04,SKU-087,429
2023-04,SKU-088,115
2023-04,SKU-089,75
2023-04,SKU-090,256
2023-04,SKU-091,87
2023-04,SKU-092,79
2023-04,SKU-093,216
2023-04,SKU-094,143
2023-04,SKU-095,137
2023-04,SKU-096,101
2023-04,SKU-097,64
2023-04,SKU-098,80
2023-04,SKU-099,95
2023-04,SKU-100,162
2023-04,SKU-101,213
2023-04,SKU-102,25
2023-04,SKU-103,114
2023-04,SKU-104,205
2023-04,SKU-105,129
2023-04,SKU-106,188
2023-04,SKU-107,358
2023-04,SKU-108,56
2023-04,SKU-109,296
2023-04,SKU-110,106
2023-04,SKU-111,82
2023-04,SKU-112,244
2023-04,SKU-113,38
2023-04,SKU-114,127
2023-04,SKU-115,106
2023-04,SKU-116,58
2023-04,SKU-117,68
2023-04,SKU-118,899
2023-04,SKU-119,369
2023-04,SKU-120,22
2023-04,SKU-121,164
2023-04,SKU-122,301
2023-04,SKU-123,165
2023-04,SKU-124,177
2023-04,SKU-125,197
2023-04,SKU-126,66
2023-04,SKU-127,204
2023-04,SKU-128,72
2023-05,SKU-001,288
2023-05,SKU-002,87
2023-05,SKU-003,201
2023-05,SKU-004,411
2023-05,SKU-005,43
2023-05,SKU-006,121
2023-05,SKU-007,231
2023-05,SKU-008,139
2023-05,SKU-009,361
2023-05,SKU-010,121
2023-05,SKU-011,211
2023-05,SKU-012,98
2023-05,SKU-013,693
2023-05,SKU-014,68
2023-05,SKU-015,146
2023-05,SKU-016,171
2023-05,SKU-017,321
2023-05,SKU-018,53
2023-05,SKU-019,489
2023-05,SKU-020,31
2023-05,SKU-021,337
2023-05,SKU-022,107
2023-05,SKU-023,87
2023-05,SKU-024,12
2023-05,SKU-025,307
2023-05,SKU-026,223
2023-05,SKU-027,169
2023-05,SKU-028,140
2023-05,SKU-029,26
2023-05,SKU-030,368
2023-05,SKU-031,101
2023-05,SKU-032,161
2023-05,SKU-033,213
2023-05,SKU-034,193
2023-05,SKU-035,62
2023-05,SKU-036,79
2023-05,SKU-037,206
2023-05,SKU-038,108
2023-05,SKU-039,339
2023-05,SKU-040,244
2023-05,SKU-041,673
2023-05,SKU-042,23
2023-05,SKU-043,245
2023-05,SKU-044,126
2023-05,SKU-045,105
2023-05,SKU-046,113
2023-05,SKU-047,97
2023-05,SKU-048,136
2023-05,SKU-049,150
2023-05,SKU-050,44
2023-05,SKU-051,109
2023-05,SKU-052,121
2023-05,SKU-053,120
2023-05,SKU-054,159
2023-05,SKU-055,250
2023-05,SKU-056,39
2023-05,SKU-057,233
2023-05,SKU-058,350
2023-05,SKU-059,54
2023-05,SKU-060,44
2023-05,SKU-061,155
2023-05,SKU-062,337
2023-05,SKU-063,251
2023-05,SKU-064,209
2023-05,SKU-065,49
2023-05,SKU-066,98
2023-05,SKU-067,224
2023-05,SKU-068,342
2023-05,SKU-069,85
2023-05,SKU-070,273
2023-05,SKU-071,50
2023-05,SKU-072,196
2023-05,SKU-073,129
2023-05,SKU-074,77
2023-05,SKU-075,67
2023-05,SKU-076,154
2023-05,SKU-077,328
2023-05,SKU-078,581
2023-05,SKU-079,17
2023-05,SKU-080,69
2023-05,SKU-081,28
2023-05,SKU-082,223
2023-05,SKU-083,92
2023-05,SKU-084,103
2023-05,SKU-085,209
2023-05,SKU-086,62
2023-05,SKU-087,446
2023-05,SKU-088,95
2023-05,SKU-089,70
2023-05,SKU-090,286
2023-05,SKU-091,78
2023-05,SKU-092,77
2023-05,SKU-093,204
2023-05,SKU-094,167
2023-05,SKU-095,157
2023-05,SKU-096,97
2023-05,SKU-097,65
2023-05,SKU-098,142
2023-05,SKU-099,97
2023-05,SKU-100,160
2023-05,SKU-101,203
2023-05,SKU-102,40
2023-05,SKU-103,126
2023-05,SKU-104,180
2023-05,SKU-105,143
2023-05,SKU-106,204
2023-05,SKU-107,436
2023-05,SKU-108,58
2023-05,SKU-109,341
2023-05,SKU-110,80
2023-05,SKU-111,92
2023-05,SKU-112,304
2023-05,SKU-113,43
2023-05,SKU-114,127
2023-05,SKU-115,122
2023-05,SKU-116,61
2023-05,SKU-117,68
2023-05,SKU-118,924
2023-05,SKU-119,378
2023-05,SKU-120,19
2023-05,SKU-121,158
2023-05,SKU-122,315
2023-05,SKU-123,218
2023-05,SKU-124,227
2023-05,SKU-125,184
2023-05,SKU-126,68
2023-05,SKU-127,193
2023-05,SKU-128,74
2023-06,SKU-001,233
2023-06,SKU-002,72
2023-06,SKU-003,166
2023-06,SKU-004,377
2023-06,SKU-005,48
2023-06,SKU-006,117
2023-06,SKU-007,173
2023-06,SKU-008,113
2023-06,SKU-009,326
2023-06,SKU-010,105
2023-06,SKU-011,196
2023-06,SKU-012,91
2023-06,SKU-013,598
2023-06,SKU-014,69
2023-06,SKU-015,137
2023-06,SKU-016,217
2023-06,SKU-017,299
2023-06,SKU-018,45
2023-06,SKU-019,434
2023-06,SKU-020,44
2023-06,SKU-021,338
2023-06,SKU-022,118
2023-06,SKU-023,72
2023-06,SKU-024,25
2023-06,SKU-025,282
2023-06,SKU-026,233
2023-06,SKU-027,156
2023-06,SKU-028,125
2023-06,SKU-029,24
2023-06,SKU-030,402
2023-06,SKU-031,109
2023-06,SKU-032,144
2023-06,SKU-033,196
2023-06,SKU-034,206
2023-06,SKU-035,76
2023-06,SKU-036,84
2023-06,SKU-037,193
2023-06,SKU-038,120
2023-06,SKU-039,363
2023-06,SKU-040,289
2023-06,SKU-041,808
2023-06,SKU-042,33
2023-06,SKU-043,255
2023-06,SKU-044,133
2023-06,SKU-045,137
2023-06,SKU-046,123
2023-06,SKU-047,97
2023-06,SKU-048,128
2023-06,SKU-049,157
2023-06,SKU-050,40
2023-06,SKU-051,100
2023-06,SKU-052,107
2023-06,SKU-053,127
2023-06,SKU-054,141
2023-06,SKU-055,248
2023-06,SKU-056,54
2023-06,SKU-057,226
2023-06,SKU-058,321
2023-06,SKU-059,34
2023-06,SKU-060,37
2023-06,SKU-061,132
2023-06,SKU-062,297
2023-06,SKU-063,207
2023-06,SKU-064,157
2023-06,SKU-065,30
2023-06,SKU-066,79
2023-06,SKU-067,178
2023-06,SKU-068,303
2023-06,SKU-069,79
2023-06,SKU-070,179
2023-06,SKU-071,49
2023-06,SKU-072,171
2023-06,SKU-073,90
2023-06,SKU-074,65
2023-06,SKU-075,65
2023-06,SKU-076,171
2023-06,SKU-077,297
2023-06,SKU-078,500
2023-06,SKU-079,24
2023-06,SKU-080,70
2023-06,SKU-081,35
2023-06,SKU-082,194
2023-06,SKU-083,81
2023-06,SKU-084,104
2023-06,SKU-085,243
2023-06,SKU-086,66
2023-06,SKU-087,439
2023-06,SKU-088,107
2023-06,SKU-089,78
2023-06,SKU-090,309
2023-06,SKU-091,81
2023-06,SKU-092,69
2023-06,SKU-093,272
2023-06,SKU-094,176
2023-06,SKU-095,154
2023-06,SKU-096,102
2023-06,SKU-097,72
2023-06,SKU-098,118
2023-06,SKU-099,92
2023-06,SKU-100,125
2023-06,SKU-101,232
2023-06,SKU-102,39
2023-06,SKU-103,111
2023-06,SKU-104,197
2023-06,SKU-105,168
2023-06,SKU-106,268
2023-06,SKU-107,402
2023-06,SKU-108,45
2023-06,SKU-109,344
2023-06,SKU-110,95
2023-06,SKU-111,102
2023-06,SKU-112,302
2023-06,SKU-113,52
2023-06,SKU-114,135
2023-06,SKU-115,132
2023-06,SKU-116,53
2023-06,SKU-117,74
2023-06,SKU-118,887
2023-06,SKU-119,325
2023-06,SKU-120,19
2023-06,SKU-121,161
2023-06,SKU-122,307
2023-06,SKU-123,187
2023-06,SKU-124,214
2023-06,SKU-125,175
2023-06,SKU-126,54
2023-06,SKU-127,187
2023-06,SKU-128,69
2023-07,SKU-001,253
2023-07,SKU-002,61
2023-07,SKU-003,159
2023-07,SKU-004,375
2023-07,SKU-005,40
2023-07,SKU-006,92
2023-07,SKU-007,215
2023-07,SKU-008,81
2023-07,SKU-009,284
2023-07,SKU-010,131
2023-07,SKU-011,199
2023-07,SKU-012,80
2023-07,SKU-013,623
2023-07,SKU-014,68
2023-07,SKU-015,137
2023-07,SKU-016,178
2023-07,SKU-017,338
2023-07,SKU-018,73
2023-07,SKU-019,478
2023-07,SKU-020,39
2023-07,SKU-021,389
2023-07,SKU-022,118
2023-07,SKU-023,101
2023-07,SKU-024,11
2023-07,SKU-025,387
2023-07,SKU-026,290
2023-07,SKU-027,179
2023-07,SKU-028,205
2023-07,SKU-029,47
2023-07,SKU-030,474
2023-07,SKU-031,114
2023-07,SKU-032,198
2023-07,SKU-033,264
2023-07,SKU-034,261
2023-07,SKU-035,84
2023-07,SKU-036,118
2023-07,SKU-037,252
2023-07,SKU-038,137
2023-07,SKU-039,431
2023-07,SKU-040,305
2023-07,SKU-041,866
2023-07,SKU-042,48
2023-07,SKU-043,350
2023-07,SKU-044,139
2023-07,SKU-045,134
2023-07,SKU-046,122
2023-07,SKU-047,117
2023-07,SKU-048,130
2023-07,SKU-049,161
2023-07,SKU-050,34
2023-07,SKU-051,118
2023-07,SKU-052,178
2023-07,SKU-053,125
2023-07,SKU-054,140
2023-07,SKU-055,243
2023-07,SKU-056,43
2023-07,SKU-057,228
2023-07,SKU-058,326
2023-07,SKU-059,37
2023-07,SKU-060,48
2023-07,SKU-061,117
2023-07,SKU-062,241
2023-07,SKU-063,189
2023-07,SKU-064,157
2023-07,SKU-065,43
2023-07,SKU-066,83
2023-07,SKU-067,194
2023-07,SKU-068,290
2023-07,SKU-069,71
2023-07,SKU-070,193
2023-07,SKU-071,58
2023-07,SKU-072,159
2023-07,SKU-073,102
2023-07,SKU-074,78
2023-07,SKU-075,80
2023-07,SKU-076,182
2023-07,SKU-077,277
2023-07,SKU-078,460
2023-07,SKU-079,16
2023-07,SKU-080,74
2023-07,SKU-081,26
2023-07,SKU-082,219
2023-07,SKU-083,95
2023-07,SKU-084,102
2023-07,SKU-085,283
2023-07,SKU-086,79
2023-07,SKU-087,511
2023-07,SKU-088,152
2023-07,SKU-089,116
2023-07,SKU-090,325
2023-07,SKU-091,111
2023-07,SKU-092,91
2023-07,SKU-093,301
2023-07,SKU-094,200
2023-07,SKU-095,179
2023-07,SKU-096,115
2023-07,SKU-097,83
2023-07,SKU-098,148
2023-07,SKU-099,100
2023-07,SKU-100,172
2023-07,SKU-101,280
2023-07,SKU-102,48
2023-07,SKU-103,159
2023-07,SKU-104,268
2023-07,SKU-105,150
2023-07,SKU-106,246
2023-07,SKU-107,506
2023-07,SKU-108,63
2023-07,SKU-109,372
2023-07,SKU-110,108
2023-07,SKU-111,113
2023-07,SKU-112,301
2023-07,SKU-113,32
2023-07,SKU-114,141
2023-07,SKU-115,103
2023-07,SKU-116,56
2023-07,SKU-117,64
2023-07,SKU-118,932
2023-07,SKU-119,351
2023-07,SKU-120,35
2023-07,SKU-121,159
2023-07,SKU-122,280
2023-07,SKU-123,147
2023-07,SKU-124,156
2023-07,SKU-125,169
2023-07,SKU-126,61
2023-07,SKU-127,178
2023-07,SKU-128,58
2023-08,SKU-001,213
2023-08,SKU-002,59
2023-08,SKU-003,149
2023-08,SKU-004,294
2023-08,SKU-005,38
2023-08,SKU-006,108
2023-08,SKU-007,183
2023-08,SKU-008,91
2023-08,SKU-009,287
2023-08,SKU-010,116
2023-08,SKU-011,200
2023-08,SKU-012,120
2023-08,SKU-013,612
2023-08,SKU-014,79
2023-08,SKU-015,147
2023-08,SKU-016,215
2023-08,SKU-017,351
2023-08,SKU-018,74
2023-08,SKU-019,510
2023-08,SKU-020,66
2023-08,SKU-021,413
2023-08,SKU-022,113
2023-08,SKU-023,100
2023-08,SKU-024,18
2023-08,SKU-025,394
2023-08,SKU-026,280
2023-08,SKU-027,201
2023-08,SKU-028,223
2023-08,SKU-029,44
2023-08,SKU-030,521
2023-08,SKU-031,121
2023-08,SKU-032,187
2023-08,SKU-033,250
2023-08,SKU-034,252
2023-08,SKU-035,91
2023-08,SKU-036,106
2023-08,SKU-037,257
2023-08,SKU-038,156
2023-08,SKU-039,455
2023-08,SKU-040,288
2023-08,SKU-041,823
2023-08,SKU-042,40
2023-08,SKU-043,289
2023-08,SKU-044,180
2023-08,SKU-045,118
2023-08,SKU-046,122
2023-08,SKU-047,90
2023-08,SKU-048,152
2023-08,SKU-049,131
2023-08,SKU-050,30
2023-08,SKU-051,97
2023-08,SKU-052,140
2023-08,SKU-053,106
2023-08,SKU-054,121
2023-08,SKU-055,183
2023-08,SKU-056,50
2023-08,SKU-057,163
2023-08,SKU-058,286
2023-08,SKU-059,49
2023-08,SKU-060,37
2023-08,SKU-061,108
2023-08,SKU-062,249
2023-08,SKU-063,155
2023-08,SKU-064,132
2023-08,SKU-065,37
2023-08,SKU-066,74
2023-08,SKU-067,133
2023-08,SKU-068,218
2023-08,SKU-069,70
2023-08,SKU-070,213
2023-08,SKU-071,48
2023-08,SKU-072,145
2023-08,SKU-073,90
2023-08,SKU-074,70
2023-08,SKU-075,53
2023-08,SKU-076,181
2023-08,SKU-077,279
2023-08,SKU-078,541
2023-08,SKU-079,33
2023-08,SKU-080,78
2023-08,SKU-081,29
2023-08,SKU-082,252
2023-08,SKU-083,96
2023-08,SKU-084,101
2023-08,SKU-085,301
2023-08,SKU-086,80
2023-08,SKU-087,532
2023-08,SKU-088,139
2023-08,SKU-089,115
2023-08,SKU-090,407
2023-08,SKU-091,128
2023-08,SKU-092,101
2023-08,SKU-093,327
2023-08,SKU-094,203
2023-08,SKU-095,191
2023-08,SKU-096,160
2023-08,SKU-097,78
2023-08,SKU-098,163
2023-08,SKU-099,89
2023-08,SKU-100,203
2023-08,SKU-101,294
2023-08,SKU-102,39
2023-08,SKU-103,167
2023-08,SKU-104,307
2023-08,SKU-105,148
2023-08,SKU-106,260
2023-08,SKU-107,447
2023-08,SKU-108,57
2023-08,SKU-109,365
2023-08,SKU-110,106
2023-08,SKU-111,103
2023-08,SKU-112,260
2023-08,SKU-113,46
2023-08,SKU-114,107
2023-08,SKU-115,81
2023-08,SKU-116,46
2023-08,SKU-117,58
2023-08,SKU-118,770
2023-08,SKU-119,296
2023-08,SKU-120,21
2023-08,SKU-121,144
2023-08,SKU-122,211
2023-08,SKU-123,141
2023-08,SKU-124,189
2023-08,SKU-125,149
2023-08,SKU-126,52
2023-08,SKU-127,129
2023-08,SKU-128,55
2023-09,SKU-001,217
2023-09,SKU-002,65
2023-09,SKU-003,156
2023-09,SKU-004,304
2023-09,SKU-005,41
2023-09,SKU-006,97
2023-09,SKU-007,164
2023-09,SKU-008,104
2023-09,SKU-009,319
2023-09,SKU-010,118
2023-09,SKU-011,183
2023-09,SKU-012,82
2023-09,SKU-013,649
2023-09,SKU-014,84
2023-09,SKU-015,165
2023-09,SKU-016,226
2023-09,SKU-017,368
2023-09,SKU-018,84
2023-09,SKU-019,573
2023-09,SKU-020,50
2023-09,SKU-021,477
2023-09,SKU-022,146
2023-09,SKU-023,96
2023-09,SKU-024,25
2023-09,SKU-025,452
2023-09,SKU-026,292
2023-09,SKU-027,209
2023-09,SKU-028,221
2023-09,SKU-029,54
2023-09,SKU-030,531
2023-09,SKU-031,130
2023-09,SKU-032,156
2023-09,SKU-033,287
2023-09,SKU-034,251
2023-09,SKU-035,110
2023-09,SKU-036,98
2023-09,SKU-037,235
2023-09,SKU-038,150
2023-09,SKU-039,449
2023-09,SKU-040,309
2023-09,SKU-041,793
2023-09,SKU-042,43
2023-09,SKU-043,240
2023-09,SKU-044,152
2023-09,SKU-045,111
2023-09,SKU-046,130
2023-09,SKU-047,84
2023-09,SKU-048,129
2023-09,SKU-049,129
2023-09,SKU-050,30
2023-09,SKU-051,96
2023-09,SKU-052,138
2023-09,SKU-053,93
2023-09,SKU-054,123
2023-09,SKU-055,179
2023-09,SKU-056,32
2023-09,SKU-057,164
2023-09,SKU-058,219
2023-09,SKU-059,38
2023-09,SKU-060,29
2023-09,SKU-061,114
2023-09,SKU-062,227
2023-09,SKU-063,181
2023-09,SKU-064,132
2023-09,SKU-065,49
2023-09,SKU-066,81
2023-09,SKU-067,143
2023-09,SKU-068,206
2023-09,SKU-069,61
2023-09,SKU-070,173
2023-09,SKU-071,49
2023-09,SKU-072,129
2023-09,SKU-073,121
2023-09,SKU-074,66
2023-09,SKU-075,70
2023-09,SKU-076,195
2023-09,SKU-077,327
2023-09,SKU-078,566
2023-09,SKU-079,23
2023-09,SKU-080,107
2023-09,SKU-081,27
2023-09,SKU-082,257
2023-09,SKU-083,103
2023-09,SKU-084,121
2023-09,SKU-085,334
2023-09,SKU-086,76
2023-09,SKU-087,550
2023-09,SKU-088,153
2023-09,SKU-089,116
2023-09,SKU-090,351
2023-09,SKU-091,123
2023-09,SKU-092,140
2023-09,SKU-093,353
2023-09,SKU-094,218
2023-09,SKU-095,212
2023-09,SKU-096,153
2023-09,SKU-097,91
2023-09,SKU-098,167
2023-09,SKU-099,127
2023-09,SKU-100,193
2023-09,SKU-101,291
2023-09,SKU-102,36
2023-09,SKU-103,159
2023-09,SKU-104,252
2023-09,SKU-105,123
2023-09,SKU-106,234
2023-09,SKU-107,367
2023-09,SKU-108,63
2023-09,SKU-109,323
2023-09,SKU-110,85
2023-09,SKU-111,89
2023-09,SKU-112,205
2023-09,SKU-113,39
2023-09,SKU-114,123
2023-09,SKU-115,80
2023-09,SKU-116,42
2023-09,SKU-117,36
2023-09,SKU-118,696
2023-09,SKU-119,271
2023-09,SKU-120,21
2023-09,SKU-121,112
2023-09,SKU-122,225
2023-09,SKU-123,130
2023-09,SKU-124,143
2023-09,SKU-125,118
2023-09,SKU-126,41
2023-09,SKU-127,124
2023-09,SKU-128,73
2023-10,SKU-001,191
2023-10,SKU-002,55
2023-10,SKU-003,136
2023-10,SKU-004,420
2023-10,SKU-005,36
2023-10,SKU-006,103
2023-10,SKU-007,186
2023-10,SKU-008,115
2023-10,SKU-009,360
2023-10,SKU-010,133
2023-10,SKU-011,240
2023-10,SKU-012,91
2023-10,SKU-013,789
2023-10,SKU-014,94
2023-10,SKU-015,193
2023-10,SKU-016,336
2023-10,SKU-017,445
2023-10,SKU-018,88
2023-10,SKU-019,629
2023-10,SKU-020,67
2023-10,SKU-021,538
2023-10,SKU-022,186
2023-10,SKU-023,139
2023-10,SKU-024,21
2023-10,SKU-025,464
2023-10,SKU-026,358
2023-10,SKU-027,209
2023-10,SKU-028,200
2023-10,SKU-029,51
2023-10,SKU-030,576
2023-10,SKU-031,149
2023-10,SKU-032,184
2023-10,SKU-033,276
2023-10,SKU-034,279
2023-10,SKU-035,79
2023-10,SKU-036,76
2023-10,SKU-037,248
2023-10,SKU-038,134
2023-10,SKU-039,398
2023-10,SKU-040,287
2023-10,SKU-041,781
2023-10,SKU-042,30
2023-10,SKU-043,223
2023-10,SKU-044,132
2023-10,SKU-045,88
2023-10,SKU-046,98
2023-10,SKU-047,94
2023-10,SKU-048,91
2023-10,SKU-049,105
2023-10,SKU-050,28
2023-10,SKU-051,100
2023-10,SKU-052,122
2023-10,SKU-053,78
2023-10,SKU-054,101
2023-10,SKU-055,166
2023-10,SKU-056,33
2023-10,SKU-057,142
2023-10,SKU-058,221
2023-10,SKU-059,34
2023-10,SKU-060,39
2023-10,SKU-061,80
2023-10,SKU-062,238
2023-10,SKU-063,161
2023-10,SKU-064,136
2023-10,SKU-065,29
2023-10,SKU-066,83
2023-10,SKU-067,142
2023-10,SKU-068,235
2023-10,SKU-069,65
2023-10,SKU-070,224
2023-10,SKU-071,48
2023-10,SKU-072,175
2023-10,SKU-073,111
2023-10,SKU-074,66
2023-10,SKU-075,76
2023-10,SKU-076,217
2023-10,SKU-077,388
2023-10,SKU-078,652
2023-10,SKU-079,34
2023-10,SKU-080,107
2023-10,SKU-081,39
2023-10,SKU-082,340
2023-10,SKU-083,123
2023-10,SKU-084,132
2023-10,SKU-085,394
2023-10,SKU-086,91
2023-10,SKU-087,677
2023-10,SKU-088,186
2023-10,SKU-089,107
2023-10,SKU-090,395
2023-10,SKU-091,128
2023-10,SKU-092,116
2023-10,SKU-093,364
2023-10,SKU-094,203
2023-10,SKU-095,219
2023-10,SKU-096,156
2023-10,SKU-097,94
2023-10,SKU-098,159
2023-10,SKU-099,103
2023-10,SKU-100,194
2023-10,SKU-101,276
2023-10,SKU-102,37
2023-10,SKU-103,141
2023-10,SKU-104,238
2023-10,SKU-105,152
2023-10,SKU-106,235
2023-10,SKU-107,366
2023-10,SKU-108,33
2023-10,SKU-109,306
2023-10,SKU-110,79
2023-10,SKU-111,79
2023-10,SKU-112,247
2023-10,SKU-113,33
2023-10,SKU-114,89
2023-10,SKU-115,89
2023-10,SKU-116,40
2023-10,SKU-117,53
2023-10,SKU-118,699
2023-10,SKU-119,228
2023-10,SKU-120,20
2023-10,SKU-121,119
2023-10,SKU-122,196
2023-10,SKU-123,125
2023-10,SKU-124,177
2023-10,SKU-125,117
2023-10,SKU-126,42
2023-10,SKU-127,124
2023-10,SKU-128,45
2023-11,SKU-001,217
2023-11,SKU-002,73
2023-11,SKU-003,152
2023-11,SKU-004,353
2023-11,SKU-005,53
2023-11,SKU-006,113
2023-11,SKU-007,240
2023-11,SKU-008,136
2023-11,SKU-009,375
2023-11,SKU-010,157
2023-11,SKU-011,262
2023-11,SKU-012,113
2023-11,SKU-013,819
2023-11,SKU-014,83
2023-11,SKU-015,208
2023-11,SKU-016,309
2023-11,SKU-017,484
2023-11,SKU-018,97
2023-11,SKU-019,623
2023-11,SKU-020,53
2023-11,SKU-021,478
2023-11,SKU-022,180
2023-11,SKU-023,121
2023-11,SKU-024,20
2023-11,SKU-025,419
2023-11,SKU-026,325
2023-11,SKU-027,242
2023-11,SKU-028,205
2023-11,SKU-029,45
2023-11,SKU-030,515
2023-11,SKU-031,126
2023-11,SKU-032,162
2023-11,SKU-033,228
2023-11,SKU-034,230
2023-11,SKU-035,83
2023-11,SKU-036,94
2023-11,SKU-037,200
2023-11,SKU-038,135
2023-11,SKU-039,338
2023-11,SKU-040,237
2023-11,SKU-041,649
2023-11,SKU-042,20
2023-11,SKU-043,190
2023-11,SKU-044,101
2023-11,SKU-045,105
2023-11,SKU-046,81
2023-11,SKU-047,59
2023-11,SKU-048,104
2023-11,SKU-049,117
2023-11,SKU-050,26
2023-11,SKU-051,62
2023-11,SKU-052,118
2023-11,SKU-053,64
2023-11,SKU-054,96
2023-11,SKU-055,153
2023-11,SKU-056,35
2023-11,SKU-057,126
2023-11,SKU-058,240
2023-11,SKU-059,45
2023-11,SKU-060,25
2023-11,SKU-061,110
2023-11,SKU-062,247
2023-11,SKU-063,172
2023-11,SKU-064,115
2023-11,SKU-065,35
2023-11,SKU-066,87
2023-11,SKU-067,181
2023-11,SKU-068,305
2023-11,SKU-069,84
2023-11,SKU-070,203
2023-11,SKU-071,52
2023-11,SKU-072,190
2023-11,SKU-073,146
2023-11,SKU-074,93
2023-11,SKU-075,81
2023-11,SKU-076,225
2023-11,SKU-077,427
2023-11,SKU-078,719
2023-11,SKU-079,25
2023-11,SKU-080,104
2023-11,SKU-081,34
2023-11,SKU-082,336
2023-11,SKU-083,132
2023-11,SKU-084,120
2023-11,SKU-085,366
2023-11,SKU-086,94
2023-11,SKU-087,636
2023-11,SKU-088,184
2023-11,SKU-089,124
2023-11,SKU-090,390
2023-11,SKU-091,140
2023-11,SKU-092,82
2023-11,SKU-093,368
2023-11,SKU-094,192
2023-11,SKU-095,199
2023-11,SKU-096,143
2023-11,SKU-097,82
2023-11,SKU-098,151
2023-11,SKU-099,97
2023-11,SKU-100,166
2023-11,SKU-101,231
2023-11,SKU-102,36
2023-11,SKU-103,115
2023-11,SKU-104,182
2023-11,SKU-105,117
2023-11,SKU-106,213
2023-11,SKU-107,351
2023-11,SKU-108,37
2023-11,SKU-109,262
2023-11,SKU-110,69
2023-11,SKU-111,62
2023-11,SKU-112,203
2023-11,SKU-113,34
2023-11,SKU-114,70
2023-11,SKU-115,64
2023-11,SKU-116,42
2023-11,SKU-117,48
2023-11,SKU-118,624
2023-11,SKU-119,200
2023-11,SKU-120,20
2023-11,SKU-121,106
2023-11,SKU-122,224
2023-11,SKU-123,139
2023-11,SKU-124,172
2023-11,SKU-125,137
2023-11,SKU-126,39
2023-11,SKU-127,150
2023-11,SKU-128,58
2023-12,SKU-001,258
2023-12,SKU-002,80
2023-12,SKU-003,188
2023-12,SKU-004,418
2023-12,SKU-005,51
2023-12,SKU-006,140
2023-12,SKU-007,267
2023-12,SKU-008,162
2023-12,SKU-009,357
2023-12,SKU-010,165
2023-12,SKU-011,317
2023-12,SKU-012,138
2023-12,SKU-013,899
2023-12,SKU-014,115
2023-12,SKU-015,211
2023-12,SKU-016,303
2023-12,SKU-017,506
2023-12,SKU-018,95
2023-12,SKU-019,759
2023-12,SKU-020,69
2023-12,SKU-021,519
2023-12,SKU-022,152
2023-12,SKU-023,131
2023-12,SKU-024,29
2023-12,SKU-025,454
2023-12,SKU-026,306
2023-12,SKU-027,217
2023-12,SKU-028,183
2023-12,SKU-029,43
2023-12,SKU-030,482
2023-12,SKU-031,134
2023-12,SKU-032,218
2023-12,SKU-033,247
2023-12,SKU-034,237
2023-12,SKU-035,69
2023-12,SKU-036,61
2023-12,SKU-037,159
2023-12,SKU-038,98
2023-12,SKU-039,291
2023-12,SKU-040,220
2023-12,SKU-041,599
2023-12,SKU-042,27
2023-12,SKU-043,210
2023-12,SKU-044,88
2023-12,SKU-045,88
2023-12,SKU-046,87
2023-12,SKU-047,64
2023-12,SKU-048,106
2023-12,SKU-049,107
2023-12,SKU-050,23
2023-12,SKU-051,58
2023-12,SKU-052,104
2023-12,SKU-053,76
2023-12,SKU-054,98
2023-12,SKU-055,171
2023-12,SKU-056,28
2023-12,SKU-057,165
2023-12,SKU-058,226
2023-12,SKU-059,43
2023-12,SKU-060,42
2023-12,SKU-061,115
2023-12,SKU-062,247
2023-12,SKU-063,223
2023-12,SKU-064,166
2023-12,SKU-065,43
2023-12,SKU-066,88
2023-12,SKU-067,196
2023-12,SKU-068,397
2023-12,SKU-069,84
2023-12,SKU-070,280
2023-12,SKU-071,61
2023-12,SKU-072,205
2023-12,SKU-073,144
2023-12,SKU-074,78
2023-12,SKU-075,105
2023-12,SKU-076,265
2023-12,SKU-077,468
2023-12,SKU-078,771
2023-12,SKU-079,32
2023-12,SKU-080,91
2023-12,SKU-081,40
2023-12,SKU-082,325
2023-12,SKU-083,149
2023-12,SKU-084,152
2023-12,SKU-085,391
2023-12,SKU-086,99
2023-12,SKU-087,671
2023-12,SKU-088,168
2023-12,SKU-089,117
2023-12,SKU-090,365
2023-12,SKU-091,115
2023-12,SKU-092,82
2023-12,SKU-093,303
2023-12,SKU-094,214
2023-12,SKU-095,181
2023-12,SKU-096,113
2023-12,SKU-097,73
2023-12,SKU-098,135
2023-12,SKU-099,70
2023-12,SKU-100,154
2023-12,SKU-101,229
2023-12,SKU-102,35
2023-12,SKU-103,108
2023-12,SKU-104,161
2023-12,SKU-105,124
2023-12,SKU-106,184
2023-12,SKU-107,296
2023-12,SKU-108,33
2023-12,SKU-109,244
2023-12,SKU-110,61
2023-12,SKU-111,84
2023-12,SKU-112,183
2023-12,SKU-113,44
2023-12,SKU-114,91
2023-12,SKU-115,75
2023-12,SKU-116,37
2023-12,SKU-117,48
2023-12,SKU-118,613
2023-12,SKU-119,265
2023-12,SKU-120,20
2023-12,SKU-121,122
2023-12,SKU-122,227
2023-12,SKU-123,143
2023-12,SKU-124,177
2023-12,SKU-125,161
2023-12,SKU-126,67
2023-12,SKU-127,171
2023-12,SKU-128,80
2024-01,SKU-001,279
2024-01,SKU-002,78
2024-01,SKU-003,204
2024-01,SKU-004,510
2024-01,SKU-005,58
2024-01,SKU-006,139
2024-01,SKU-007,269
2024-01,SKU-008,155
2024-01,SKU-009,452
2024-01,SKU-010,164
2024-01,SKU-011,317
2024-01,SKU-012,116
2024-01,SKU-013,1000
2024-01,SKU-014,114
2024-01,SKU-015,202
2024-01,SKU-016,303
2024-01,SKU-017,460
2024-01,SKU-018,81
2024-01,SKU-019,708
2024-01,SKU-020,45
2024-01,SKU-021,455
2024-01,SKU-022,135
2024-01,SKU-023,114
2024-01,SKU-024,25
2024-01,SKU-025,367
2024-01,SKU-026,312
2024-01,SKU-027,196
2024-01,SKU-028,161
2024-01,SKU-029,41
2024-01,SKU-030,453
2024-01,SKU-031,94
2024-01,SKU-032,198
2024-01,SKU-033,192
2024-01,SKU-034,178
2024-01,SKU-035,68
2024-01,SKU-036,56
2024-01,SKU-037,163
2024-01,SKU-038,102
2024-01,SKU-039,306
2024-01,SKU-040,205
2024-01,SKU-041,567
2024-01,SKU-042,22
2024-01,SKU-043,200
2024-01,SKU-044,90
2024-01,SKU-045,88
2024-01,SKU-046,87
2024-01,SKU-047,60
2024-01,SKU-048,109
2024-01,SKU-049,126
2024-01,SKU-050,28
2024-01,SKU-051,76
2024-01,SKU-052,109
2024-01,SKU-053,78
2024-01,SKU-054,101
2024-01,SKU-055,192
2024-01,SKU-056,38
2024-01,SKU-057,208
2024-01,SKU-058,294
2024-01,SKU-059,44
2024-01,SKU-060,41
2024-01,SKU-061,138
2024-01,SKU-062,300
2024-01,SKU-063,227
2024-01,SKU-064,181
2024-01,SKU-065,51
2024-01,SKU-066,73
2024-01,SKU-067,225
2024-01,SKU-068,367
2024-01,SKU-069,93
2024-01,SKU-070,275
2024-01,SKU-071,61
2024-01,SKU-072,237
2024-01,SKU-073,163
2024-01,SKU-074,101
2024-01,SKU-075,112
2024-01,SKU-076,262
2024-01,SKU-077,438
2024-01,SKU-078,720
2024-01,SKU-079,29
2024-01,SKU-080,127
2024-01,SKU-081,37
2024-01,SKU-082,324
2024-01,SKU-083,135
2024-01,SKU-084,138
2024-01,SKU-085,382
2024-01,SKU-086,96
2024-01,SKU-087,584
2024-01,SKU-088,149
2024-01,SKU-089,104
2024-01,SKU-090,322
2024-01,SKU-091,116
2024-01,SKU-092,82
2024-01,SKU-093,302
2024-01,SKU-094,166
2024-01,SKU-095,155
2024-01,SKU-096,114
2024-01,SKU-097,66
2024-01,SKU-098,106
2024-01,SKU-099,74
2024-01,SKU-100,117
2024-01,SKU-101,195
2024-01,SKU-102,32
2024-01,SKU-103,84
2024-01,SKU-104,172
2024-01,SKU-105,117
2024-01,SKU-106,153
2024-01,SKU-107,297
2024-01,SKU-108,33
2024-01,SKU-109,217
2024-01,SKU-110,67
2024-01,SKU-111,53
2024-01,SKU-112,160
2024-01,SKU-113,30
2024-01,SKU-114,81
2024-01,SKU-115,81
2024-01,SKU-116,46
2024-01,SKU-117,46
2024-01,SKU-118,706
2024-01,SKU-119,287
2024-01,SKU-120,17
2024-01,SKU-121,154
2024-01,SKU-122,265
2024-01,SKU-123,169
2024-01,SKU-124,187
2024-01,SKU-125,170
2024-01,SKU-126,52
2024-01,SKU-127,191
2024-01,SKU-128,69
2024-02,SKU-001,256
2024-02,SKU-002,90
2024-02,SKU-003,187
2024-02,SKU-004,470
2024-02,SKU-005,51
2024-02,SKU-006,150
2024-02,SKU-007,260
2024-02,SKU-008,137
2024-02,SKU-009,397
2024-02,SKU-010,150
2024-02,SKU-011,290
2024-02,SKU-012,116
2024-02,SKU-013,914
2024-02,SKU-014,99
2024-02,SKU-015,202
2024-02,SKU-016,250
2024-02,SKU-017,419
2024-02,SKU-018,93
2024-02,SKU-019,585
2024-02,SKU-020,49
2024-02,SKU-021,442
2024-02,SKU-022,132
2024-02,SKU-023,100
2024-02,SKU-024,17
2024-02,SKU-025,344
2024-02,SKU-026,251
2024-02,SKU-027,152
2024-02,SKU-028,177
2024-02,SKU-029,33
2024-02,SKU-030,400
2024-02,SKU-031,95
2024-02,SKU-032,110
2024-02,SKU-033,183
2024-02,SKU-034,153
2024-02,SKU-035,55
2024-02,SKU-036,73
2024-02,SKU-037,137
2024-02,SKU-038,87
2024-02,SKU-039,258
2024-02,SKU-040,246
2024-02,SKU-041,536
2024-02,SKU-042,30
2024-02,SKU-043,160
2024-02,SKU-044,91
2024-02,SKU-045,77
2024-02,SKU-046,93
2024-02,SKU-047,68
2024-02,SKU-048,98
2024-02,SKU-049,106
2024-02,SKU-050,26
2024-02,SKU-051,70
2024-02,SKU-052,104
2024-02,SKU-053,90
2024-02,SKU-054,109
2024-02,SKU-055,186
2024-02,SKU-056,40
2024-02,SKU-057,208
2024-02,SKU-058,283
2024-02,SKU-059,33
2024-02,SKU-060,36
2024-02,SKU-061,128
2024-02,SKU-062,324
2024-02,SKU-063,225
2024-02,SKU-064,201
2024-02,SKU-065,51
2024-02,SKU-066,103
2024-02,SKU-067,207
2024-02,SKU-068,416
2024-02,SKU-069,75
2024-02,SKU-070,277
2024-02,SKU-071,53
2024-02,SKU-072,195
2024-02,SKU-073,139
2024-02,SKU-074,72
2024-02,SKU-075,86
2024-02,SKU-076,206
2024-02,SKU-077,395
2024-02,SKU-078,710
2024-02,SKU-079,30
2024-02,SKU-080,115
2024-02,SKU-081,37
2024-02,SKU-082,259
2024-02,SKU-083,125
2024-02,SKU-084,89
2024-02,SKU-085,273
2024-02,SKU-086,87
2024-02,SKU-087,539
2024-02,SKU-088,123
2024-02,SKU-089,89
2024-02,SKU-090,320
2024-02,SKU-091,97
2024-02,SKU-092,65
2024-02,SKU-093,235
2024-02,SKU-094,140
2024-02,SKU-095,142
2024-02,SKU-096,86
2024-02,SKU-097,54
2024-02,SKU-098,103
2024-02,SKU-099,53
2024-02,SKU-100,117
2024-02,SKU-101,167
2024-02,SKU-102,22
2024-02,SKU-103,83
2024-02,SKU-104,145
2024-02,SKU-105,92
2024-02,SKU-106,144
2024-02,SKU-107,263
2024-02,SKU-108,20
2024-02,SKU-109,218
2024-02,SKU-110,75
2024-02,SKU-111,71
2024-02,SKU-112,205
2024-02,SKU-113,28
2024-02,SKU-114,96
2024-02,SKU-115,69
2024-02,SKU-116,46
2024-02,SKU-117,58
2024-02,SKU-118,756
2024-02,SKU-119,289
2024-02,SKU-120,24
2024-02,SKU-121,135
2024-02,SKU-122,249
2024-02,SKU-123,161
2024-02,SKU-124,145
2024-02,SKU-125,203
2024-02,SKU-126,60
2024-02,SKU-127,186
2024-02,SKU-128,80
2024-03,SKU-001,324
2024-03,SKU-002,101
2024-03,SKU-003,212
2024-03,SKU-004,570
2024-03,SKU-005,64
2024-03,SKU-006,171
2024-03,SKU-007,292
2024-03,SKU-008,181
2024-03,SKU-009,469
2024-03,SKU-010,156
2024-03,SKU-011,303
2024-03,SKU-012,97
2024-03,SKU-013,840
2024-03,SKU-014,107
2024-03,SKU-015,177
2024-03,SKU-016,293
2024-03,SKU-017,403
2024-03,SKU-018,66
2024-03,SKU-019,567
2024-03,SKU-020,46
2024-03,SKU-021,449
2024-03,SKU-022,149
2024-03,SKU-023,83
2024-03,SKU-024,19
2024-03,SKU-025,341
2024-03,SKU-026,231
2024-03,SKU-027,151
2024-03,SKU-028,157
2024-03,SKU-029,41
2024-03,SKU-030,366
2024-03,SKU-031,87
2024-03,SKU-032,146
2024-03,SKU-033,186
2024-03,SKU-034,168
2024-03,SKU-035,69
2024-03,SKU-036,62
2024-03,SKU-037,150
2024-03,SKU-038,98
2024-03,SKU-039,306
2024-03,SKU-040,226
2024-03,SKU-041,543
2024-03,SKU-042,27
2024-03,SKU-043,223
2024-03,SKU-044,87
2024-03,SKU-045,107
2024-03,SKU-046,88
2024-03,SKU-047,84
2024-03,SKU-048,92
2024-03,SKU-049,109
2024-03,SKU-050,39
2024-03,SKU-051,118
2024-03,SKU-052,141
2024-03,SKU-053,124
2024-03,SKU-054,141
2024-03,SKU-055,213
2024-03,SKU-056,51
2024-03,SKU-057,226
2024-03,SKU-058,341
2024-03,SKU-059,46
2024-03,SKU-060,47
2024-03,SKU-061,143
2024-03,SKU-062,332
2024-03,SKU-063,257
2024-03,SKU-064,179
2024-03,SKU-065,50
2024-03,SKU-066,108
2024-03,SKU-067,225
2024-03,SKU-068,451
2024-03,SKU-069,102
2024-03,SKU-070,328
2024-03,SKU-071,65
2024-03,SKU-072,253
2024-03,SKU-073,156
2024-03,SKU-074,90
2024-03,SKU-075,95
2024-03,SKU-076,239
2024-03,SKU-077,429
2024-03,SKU-078,710
2024-03,SKU-079,22
2024-03,SKU-080,105
2024-03,SKU-081,35
2024-03,SKU-082,259
2024-03,SKU-083,97
2024-03,SKU-084,92
2024-03,SKU-085,319
2024-03,SKU-086,63
2024-03,SKU-087,462
2024-03,SKU-088,130
2024-03,SKU-089,75
2024-03,SKU-090,297
2024-03,SKU-091,84
2024-03,SKU-092,79
2024-03,SKU-093,252
2024-03,SKU-094,151
2024-03,SKU-095,144
2024-03,SKU-096,123
2024-03,SKU-097,62
2024-03,SKU-098,103
2024-03,SKU-099,75
2024-03,SKU-100,111
2024-03,SKU-101,210
2024-03,SKU-102,23
2024-03,SKU-103,98
2024-03,SKU-104,164
2024-03,SKU-105,125
2024-03,SKU-106,189
2024-03,SKU-107,324
2024-03,SKU-108,37
2024-03,SKU-109,298
2024-03,SKU-110,82
2024-03,SKU-111,87
2024-03,SKU-112,222
2024-03,SKU-113,40
2024-03,SKU-114,97
2024-03,SKU-115,80
2024-03,SKU-116,78
2024-03,SKU-117,64
2024-03,SKU-118,961
2024-03,SKU-119,374
2024-03,SKU-120,21
2024-03,SKU-121,194
2024-03,SKU-122,316
2024-03,SKU-123,183
2024-03,SKU-124,256
2024-03,SKU-125,210
2024-03,SKU-126,74
2024-03,SKU-127,225
2024-03,SKU-128,73
2024-04,SKU-001,265
2024-04,SKU-002,77
2024-04,SKU-003,202
2024-04,SKU-004,405
2024-04,SKU-005,64
2024-04,SKU-006,139
2024-04,SKU-007,225
2024-04,SKU-008,95
2024-04,SKU-009,377
2024-04,SKU-010,149
2024-04,SKU-011,266
2024-04,SKU-012,90
2024-04,SKU-013,676
2024-04,SKU-014,89
2024-04,SKU-015,156
2024-04,SKU-016,217
2024-04,SKU-017,363
2024-04,SKU-018,48
2024-04,SKU-019,463
2024-04,SKU-020,59
2024-04,SKU-021,361
2024-04,SKU-022,113
2024-04,SKU-023,80
2024-04,SKU-024,17
2024-04,SKU-025,307
2024-04,SKU-026,205
2024-04,SKU-027,125
2024-04,SKU-028,141
2024-04,SKU-029,29
2024-04,SKU-030,360
2024-04,SKU-031,100
2024-04,SKU-032,149
2024-04,SKU-033,169
2024-04,SKU-034,193
2024-04,SKU-035,69
2024-04,SKU-036,70
2024-04,SKU-037,193
2024-04,SKU-038,108
2024-04,SKU-039,320
2024-04,SKU-040,217
2024-04,SKU-041,639
2024-04,SKU-042,26
2024-04,SKU-043,228
2024-04,SKU-044,126
2024-04,SKU-045,95
2024-04,SKU-046,105
2024-04,SKU-047,103
2024-04,SKU-048,108
2024-04,SKU-049,144
2024-04,SKU-050,34
2024-04,SKU-051,92
2024-04,SKU-052,189
2024-04,SKU-053,106
2024-04,SKU-054,142
2024-04,SKU-055,221
2024-04,SKU-056,39
2024-04,SKU-057,237
2024-04,SKU-058,343
2024-04,SKU-059,46
2024-04,SKU-060,44
2024-04,SKU-061,139
2024-04,SKU-062,337
2024-04,SKU-063,270
2024-04,SKU-064,142
2024-04,SKU-065,54
2024-04,SKU-066,89
2024-04,SKU-067,214
2024-04,SKU-068,342
2024-04,SKU-069,79
2024-04,SKU-070,257
2024-04,SKU-071,50
2024-04,SKU-072,183
2024-04,SKU-073,128
2024-04,SKU-074,91
2024-04,SKU-075,62
2024-04,SKU-076,197
2024-04,SKU-077,348
2024-04,SKU-078,551
2024-04,SKU-079,22
2024-04,SKU-080,71
2024-04,SKU-081,30
2024-04,SKU-082,225
2024-04,SKU-083,75
2024-04,SKU-084,101
2024-04,SKU-085,269
2024-04,SKU-086,77
2024-04,SKU-087,417
2024-04,SKU-088,113
2024-04,SKU-089,95
2024-04,SKU-090,257
2024-04,SKU-091,83
2024-04,SKU-092,71
2024-04,SKU-093,212
2024-04,SKU-094,150
2024-04,SKU-095,127
2024-04,SKU-096,87
2024-04,SKU-097,58
2024-04,SKU-098,125
2024-04,SKU-099,60
2024-04,SKU-100,120
2024-04,SKU-101,220
2024-04,SKU-102,29
2024-04,SKU-103,116
2024-04,SKU-104,202
2024-04,SKU-105,132
2024-04,SKU-106,169
2024-04,SKU-107,317
2024-04,SKU-108,37
2024-04,SKU-109,298
2024-04,SKU-110,103
2024-04,SKU-111,86
2024-04,SKU-112,217
2024-04,SKU-113,45
2024-04,SKU-114,131
2024-04,SKU-115,99
2024-04,SKU-116,48
2024-04,SKU-117,70
2024-04,SKU-118,963
2024-04,SKU-119,320
2024-04,SKU-120,38
2024-04,SKU-121,168
2024-04,SKU-122,325
2024-04,SKU-123,173
2024-04,SKU-124,224
2024-04,SKU-125,197
2024-04,SKU-126,63
2024-04,SKU-127,208
2024-04,SKU-128,91
2024-05,SKU-001,289
2024-05,SKU-002,68
2024-05,SKU-003,204
2024-05,SKU-004,453
2024-05,SKU-005,53
2024-05,SKU-006,118
2024-05,SKU-007,223
2024-05,SKU-008,129
2024-05,SKU-009,385
2024-05,SKU-010,118
2024-05,SKU-011,199
2024-05,SKU-012,91
2024-05,SKU-013,688
2024-05,SKU-014,89
2024-05,SKU-015,155
2024-05,SKU-016,208
2024-05,SKU-017,340
2024-05,SKU-018,69
2024-05,SKU-019,450
2024-05,SKU-020,45
2024-05,SKU-021,365
2024-05,SKU-022,101
2024-05,SKU-023,91
2024-05,SKU-024,15
2024-05,SKU-025,270
2024-05,SKU-026,203
2024-05,SKU-027,148
2024-05,SKU-028,139
2024-05,SKU-029,30
2024-05,SKU-030,376
2024-05,SKU-031,100
2024-05,SKU-032,159
2024-05,SKU-033,207
2024-05,SKU-034,201
2024-05,SKU-035,71
2024-05,SKU-036,76
2024-05,SKU-037,181
2024-05,SKU-038,116
2024-05,SKU-039,350
2024-05,SKU-040,308
2024-05,SKU-041,717
2024-05,SKU-042,45
2024-05,SKU-043,278
2024-05,SKU-044,128
2024-05,SKU-045,117
2024-05,SKU-046,107
2024-05,SKU-047,78
2024-05,SKU-048,149
2024-05,SKU-049,178
2024-05,SKU-050,45
2024-05,SKU-051,115
2024-05,SKU-052,155
2024-05,SKU-053,113
2024-05,SKU-054,159
2024-05,SKU-055,254
2024-05,SKU-056,47
2024-05,SKU-057,261
2024-05,SKU-058,365
2024-05,SKU-059,61
2024-05,SKU-060,37
2024-05,SKU-061,151
2024-05,SKU-062,346
2024-05,SKU-063,218
2024-05,SKU-064,179
2024-05,SKU-065,39
2024-05,SKU-066,93
2024-05,SKU-067,200
2024-05,SKU-068,340
2024-05,SKU-069,83
2024-05,SKU-070,266
2024-05,SKU-071,52
2024-05,SKU-072,157
2024-05,SKU-073,138
2024-05,SKU-074,63
2024-05,SKU-075,83
2024-05,SKU-076,189
2024-05,SKU-077,325
2024-05,SKU-078,544
2024-05,SKU-079,10
2024-05,SKU-080,81
2024-05,SKU-081,23
2024-05,SKU-082,249
2024-05,SKU-083,98
2024-05,SKU-084,73
2024-05,SKU-085,291
2024-05,SKU-086,62
2024-05,SKU-087,438
2024-05,SKU-088,114
2024-05,SKU-089,94
2024-05,SKU-090,273
2024-05,SKU-091,84
2024-05,SKU-092,75
2024-05,SKU-093,231
2024-05,SKU-094,156
2024-05,SKU-095,161
2024-05,SKU-096,117
2024-05,SKU-097,55
2024-05,SKU-098,139
2024-05,SKU-099,73
2024-05,SKU-100,155
2024-05,SKU-101,231
2024-05,SKU-102,30
2024-05,SKU-103,125
2024-05,SKU-104,253
2024-05,SKU-105,147
2024-05,SKU-106,225
2024-05,SKU-107,384
2024-05,SKU-108,52
2024-05,SKU-109,358
2024-05,SKU-110,106
2024-05,SKU-111,91
2024-05,SKU-112,262
2024-05,SKU-113,48
2024-05,SKU-114,143
2024-05,SKU-115,98
2024-05,SKU-116,78
2024-05,SKU-117,62
2024-05,SKU-118,978
2024-05,SKU-119,354
2024-05,SKU-120,25
2024-05,SKU-121,174
2024-05,SKU-122,346
2024-05,SKU-123,215
2024-05,SKU-124,185
2024-05,SKU-125,197
2024-05,SKU-126,74
2024-05,SKU-127,221
2024-05,SKU-128,69
2024-06,SKU-001,274
2024-06,SKU-002,79
2024-06,SKU-003,178
2024-06,SKU-004,387
2024-06,SKU-005,50
2024-06,SKU-006,107
2024-06,SKU-007,218
2024-06,SKU-008,137
2024-06,SKU-009,315
2024-06,SKU-010,124
2024-06,SKU-011,228
2024-06,SKU-012,98
2024-06,SKU-013,651
2024-06,SKU-014,64
2024-06,SKU-015,132
2024-06,SKU-016,157
2024-06,SKU-017,304
2024-06,SKU-018,54
2024-06,SKU-019,475
2024-06,SKU-020,46
2024-06,SKU-021,361
2024-06,SKU-022,107
2024-06,SKU-023,78
2024-06,SKU-024,20
2024-06,SKU-025,305
2024-06,SKU-026,243
2024-06,SKU-027,175
2024-06,SKU-028,190
2024-06,SKU-029,36
2024-06,SKU-030,395
2024-06,SKU-031,102
2024-06,SKU-032,210
2024-06,SKU-033,202
2024-06,SKU-034,211
2024-06,SKU-035,68
2024-06,SKU-036,96
2024-06,SKU-037,206
2024-06,SKU-038,121
2024-06,SKU-039,407
2024-06,SKU-040,271
2024-06,SKU-041,765
2024-06,SKU-042,35
2024-06,SKU-043,289
2024-06,SKU-044,152
2024-06,SKU-045,125
2024-06,SKU-046,121
2024-06,SKU-047,104
2024-06,SKU-048,147
2024-06,SKU-049,165
2024-06,SKU-050,39
2024-06,SKU-051,117
2024-06,SKU-052,163
2024-06,SKU-053,119
2024-06,SKU-054,163
2024-06,SKU-055,237
2024-06,SKU-056,58
2024-06,SKU-057,243
2024-06,SKU-058,338
2024-06,SKU-059,53
2024-06,SKU-060,43
2024-06,SKU-061,149
2024-06,SKU-062,331
2024-06,SKU-063,248
2024-06,SKU-064,214
2024-06,SKU-065,53
2024-06,SKU-066,91
2024-06,SKU-067,198
2024-06,SKU-068,265
2024-06,SKU-069,91
2024-06,SKU-070,196
2024-06,SKU-071,44
2024-06,SKU-072,141
2024-06,SKU-073,116
2024-06,SKU-074,56
2024-06,SKU-075,62
2024-06,SKU-076,176
2024-06,SKU-077,284
2024-06,SKU-078,506
2024-06,SKU-079,29
2024-06,SKU-080,59
2024-06,SKU-081,31
2024-06,SKU-082,197
2024-06,SKU-083,96
2024-06,SKU-084,96
2024-06,SKU-085,272
2024-06,SKU-086,74
2024-06,SKU-087,410
2024-06,SKU-088,124
2024-06,SKU-089,97
2024-06,SKU-090,282
2024-06,SKU-091,87
2024-06,SKU-092,67
2024-06,SKU-093,256
2024-06,SKU-094,163
2024-06,SKU-095,155
2024-06,SKU-096,98
2024-06,SKU-097,57
2024-06,SKU-098,155
2024-06,SKU-099,80
2024-06,SKU-100,157
2024-06,SKU-101,247
2024-06,SKU-102,40
2024-06,SKU-103,163
2024-06,SKU-104,234
2024-06,SKU-105,151
2024-06,SKU-106,234
2024-06,SKU-107,469
2024-06,SKU-108,54
2024-06,SKU-109,360
2024-06,SKU-110,92
2024-06,SKU-111,124
2024-06,SKU-112,276
2024-06,SKU-113,35
2024-06,SKU-114,122
2024-06,SKU-115,117
2024-06,SKU-116,64
2024-06,SKU-117,73
2024-06,SKU-118,942
2024-06,SKU-119,369
2024-06,SKU-120,31
2024-06,SKU-121,175
2024-06,SKU-122,298
2024-06,SKU-123,192
2024-06,SKU-124,184
2024-06,SKU-125,175
2024-06,SKU-126,46
2024-06,SKU-127,194
2024-06,SKU-128,72
2024-07,SKU-001,231
2024-07,SKU-002,57
2024-07,SKU-003,144
2024-07,SKU-004,394
2024-07,SKU-005,39
2024-07,SKU-006,85
2024-07,SKU-007,149
2024-07,SKU-008,74
2024-07,SKU-009,283
2024-07,SKU-010,138
2024-07,SKU-011,203
2024-07,SKU-012,75
2024-07,SKU-013,633
2024-07,SKU-014,51
2024-07,SKU-015,138
2024-07,SKU-016,153
2024-07,SKU-017,345
2024-07,SKU-018,55
2024-07,SKU-019,508
2024-07,SKU-020,38
2024-07,SKU-021,369
2024-07,SKU-022,118
2024-07,SKU-023,90
2024-07,SKU-024,12
2024-07,SKU-025,321
2024-07,SKU-026,254
2024-07,SKU-027,159
2024-07,SKU-028,166
2024-07,SKU-029,44
2024-07,SKU-030,485
2024-07,SKU-031,110
2024-07,SKU-032,173
2024-07,SKU-033,231
2024-07,SKU-034,275
2024-07,SKU-035,92
2024-07,SKU-036,92
2024-07,SKU-037,261
2024-07,SKU-038,147
2024-07,SKU-039,419
2024-07,SKU-040,333
2024-07,SKU-041,782
2024-07,SKU-042,39
2024-07,SKU-043,305
2024-07,SKU-044,162
2024-07,SKU-045,134
2024-07,SKU-046,133
2024-07,SKU-047,98
2024-07,SKU-048,134
2024-07,SKU-049,156
2024-07,SKU-050,43
2024-07,SKU-051,99
2024-07,SKU-052,146
2024-07,SKU-053,116
2024-07,SKU-054,127
2024-07,SKU-055,241
2024-07,SKU-056,49
2024-07,SKU-057,201
2024-07,SKU-058,293
2024-07,SKU-059,43
2024-07,SKU-060,25
2024-07,SKU-061,115
2024-07,SKU-062,241
2024-07,SKU-063,184
2024-07,SKU-064,205
2024-07,SKU-065,31
2024-07,SKU-066,52
2024-07,SKU-067,173
2024-07,SKU-068,301
2024-07,SKU-069,79
2024-07,SKU-070,186
2024-07,SKU-071,34
2024-07,SKU-072,190
2024-07,SKU-073,95
2024-07,SKU-074,79
2024-07,SKU-075,72
2024-07,SKU-076,158
2024-07,SKU-077,289
2024-07,SKU-078,460
2024-07,SKU-079,21
2024-07,SKU-080,91
2024-07,SKU-081,36
2024-07,SKU-082,218
2024-07,SKU-083,90
2024-07,SKU-084,101
2024-07,SKU-085,267
2024-07,SKU-086,107
2024-07,SKU-087,475
2024-07,SKU-088,127
2024-07,SKU-089,109
2024-07,SKU-090,293
2024-07,SKU-091,92
2024-07,SKU-092,79
2024-07,SKU-093,290
2024-07,SKU-094,196
2024-07,SKU-095,189
2024-07,SKU-096,119
2024-07,SKU-097,79
2024-07,SKU-098,135
2024-07,SKU-099,92
2024-07,SKU-100,160
2024-07,SKU-101,282
2024-07,SKU-102,31
2024-07,SKU-103,146
2024-07,SKU-104,284
2024-07,SKU-105,148
2024-07,SKU-106,298
2024-07,SKU-107,471
2024-07,SKU-108,64
2024-07,SKU-109,394
2024-07,SKU-110,106
2024-07,SKU-111,95
2024-07,SKU-112,332
2024-07,SKU-113,31
2024-07,SKU-114,129
2024-07,SKU-115,110
2024-07,SKU-116,62
2024-07,SKU-117,48
2024-07,SKU-118,851
2024-07,SKU-119,328
2024-07,SKU-120,22
2024-07,SKU-121,153
2024-07,SKU-122,289
2024-07,SKU-123,169
2024-07,SKU-124,170
2024-07,SKU-125,188
2024-07,SKU-126,47
2024-07,SKU-127,152
2024-07,SKU-128,72
2024-08,SKU-001,206
2024-08,SKU-002,48
2024-08,SKU-003,162
2024-08,SKU-004,295
2024-08,SKU-005,47
2024-08,SKU-006,80
2024-08,SKU-007,183
2024-08,SKU-008,83
2024-08,SKU-009,296
2024-08,SKU-010,155
2024-08,SKU-011,188
2024-08,SKU-012,70
2024-08,SKU-013,623
2024-08,SKU-014,85
2024-08,SKU-015,161
2024-08,SKU-016,259
2024-08,SKU-017,342
2024-08,SKU-018,75
2024-08,SKU-019,518
2024-08,SKU-020,43
2024-08,SKU-021,398
2024-08,SKU-022,133
2024-08,SKU-023,86
2024-08,SKU-024,16
2024-08,SKU-025,413
2024-08,SKU-026,281
2024-08,SKU-027,202
2024-08,SKU-028,225
2024-08,SKU-029,38
2024-08,SKU-030,495
2024-08,SKU-031,140
2024-08,SKU-032,224
2024-08,SKU-033,275
2024-08,SKU-034,257
2024-08,SKU-035,105
2024-08,SKU-036,96
2024-08,SKU-037,205
2024-08,SKU-038,131
2024-08,SKU-039,474
2024-08,SKU-040,330
2024-08,SKU-041,884
2024-08,SKU-042,31
2024-08,SKU-043,258
2024-08,SKU-044,154
2024-08,SKU-045,129
2024-08,SKU-046,138
2024-08,SKU-047,89
2024-08,SKU-048,150
2024-08,SKU-049,125
2024-08,SKU-050,37
2024-08,SKU-051,100
2024-08,SKU-052,125
2024-08,SKU-053,99
2024-08,SKU-054,160
2024-08,SKU-055,200
2024-08,SKU-056,30
2024-08,SKU-057,178
2024-08,SKU-058,258
2024-08,SKU-059,42
2024-08,SKU-060,36
2024-08,SKU-061,102
2024-08,SKU-062,244
2024-08,SKU-063,165
2024-08,SKU-064,154
2024-08,SKU-065,44
2024-08,SKU-066,72
2024-08,SKU-067,151
2024-08,SKU-068,257
2024-08,SKU-069,56
2024-08,SKU-070,204
2024-08,SKU-071,43
2024-08,SKU-072,141
2024-08,SKU-073,127
2024-08,SKU-074,70
2024-08,SKU-075,63
2024-08,SKU-076,156
2024-08,SKU-077,298
2024-08,SKU-078,538
2024-08,SKU-079,15
2024-08,SKU-080,108
2024-08,SKU-081,30
2024-08,SKU-082,259
2024-08,SKU-083,101
2024-08,SKU-084,91
2024-08,SKU-085,355
2024-08,SKU-086,84
2024-08,SKU-087,547
2024-08,SKU-088,117
2024-08,SKU-089,98
2024-08,SKU-090,352
2024-08,SKU-091,135
2024-08,SKU-092,97
2024-08,SKU-093,337
2024-08,SKU-094,210
2024-08,SKU-095,209
2024-08,SKU-096,118
2024-08,SKU-097,84
2024-08,SKU-098,152
2024-08,SKU-099,124
2024-08,SKU-100,207
2024-08,SKU-101,306
2024-08,SKU-102,35
2024-08,SKU-103,133
2024-08,SKU-104,260
2024-08,SKU-105,142
2024-08,SKU-106,213
2024-08,SKU-107,447
2024-08,SKU-108,48
2024-08,SKU-109,365
2024-08,SKU-110,111
2024-08,SKU-111,84
2024-08,SKU-112,297
2024-08,SKU-113,51
2024-08,SKU-114,128
2024-08,SKU-115,104
2024-08,SKU-116,66
2024-08,SKU-117,47
2024-08,SKU-118,794
2024-08,SKU-119,273
2024-08,SKU-120,19
2024-08,SKU-121,137
2024-08,SKU-122,243
2024-08,SKU-123,160
2024-08,SKU-124,181
2024-08,SKU-125,138
2024-08,SKU-126,43
2024-08,SKU-127,159
2024-08,SKU-128,59
2024-09,SKU-001,202
2024-09,SKU-002,60
2024-09,SKU-003,145
2024-09,SKU-004,293
2024-09,SKU-005,44
2024-09,SKU-006,100
2024-09,SKU-007,176
2024-09,SKU-008,86
2024-09,SKU-009,325
2024-09,SKU-010,99
2024-09,SKU-011,201
2024-09,SKU-012,105
2024-09,SKU-013,700
2024-09,SKU-014,70
2024-09,SKU-015,175
2024-09,SKU-016,215
2024-09,SKU-017,381
2024-09,SKU-018,56
2024-09,SKU-019,597
2024-09,SKU-020,66
2024-09,SKU-021,491
2024-09,SKU-022,132
2024-09,SKU-023,120
2024-09,SKU-024,19
2024-09,SKU-025,435
2024-09,SKU-026,340
2024-09,SKU-027,213
2024-09,SKU-028,203
2024-09,SKU-029,45
2024-09,SKU-030,525
2024-09,SKU-031,135
2024-09,SKU-032,249
2024-09,SKU-033,255
2024-09,SKU-034,260
2024-09,SKU-035,101
2024-09,SKU-036,95
2024-09,SKU-037,243
2024-09,SKU-038,134
2024-09,SKU-039,461
2024-09,SKU-040,345
2024-09,SKU-041,746
2024-09,SKU-042,33
2024-09,SKU-043,253
2024-09,SKU-044,149
2024-09,SKU-045,113
2024-09,SKU-046,110
2024-09,SKU-047,95
2024-09,SKU-048,119
2024-09,SKU-049,138
2024-09,SKU-050,35
2024-09,SKU-051,83
2024-09,SKU-052,130
2024-09,SKU-053,99
2024-09,SKU-054,113
2024-09,SKU-055,184
2024-09,SKU-056,31
2024-09,SKU-057,172
2024-09,SKU-058,247
2024-09,SKU-059,31
2024-09,SKU-060,42
2024-09,SKU-061,91
2024-09,SKU-062,207
2024-09,SKU-063,157
2024-09,SKU-064,119
2024-09,SKU-065,27
2024-09,SKU-066,75
2024-09,SKU-067,152
2024-09,SKU-068,263
2024-09,SKU-069,63
2024-09,SKU-070,186
2024-09,SKU-071,40
2024-09,SKU-072,154
2024-09,SKU-073,84
2024-09,SKU-074,79
2024-09,SKU-075,81
2024-09,SKU-076,188
2024-09,SKU-077,320
2024-09,SKU-078,571
2024-09,SKU-079,27
2024-09,SKU-080,82
2024-09,SKU-081,43
2024-09,SKU-082,275
2024-09,SKU-083,119
2024-09,SKU-084,126
2024-09,SKU-085,343
2024-09,SKU-086,86
2024-09,SKU-087,582
2024-09,SKU-088,163
2024-09,SKU-089,122
2024-09,SKU-090,361
2024-09,SKU-091,115
2024-09,SKU-092,86
2024-09,SKU-093,350
2024-09,SKU-094,226
2024-09,SKU-095,209
2024-09,SKU-096,138
2024-09,SKU-097,92
2024-09,SKU-098,161
2024-09,SKU-099,105
2024-09,SKU-100,162
2024-09,SKU-101,263
2024-09,SKU-102,36
2024-09,SKU-103,147
2024-09,SKU-104,231
2024-09,SKU-105,131
2024-09,SKU-106,221
2024-09,SKU-107,397
2024-09,SKU-108,54
2024-09,SKU-109,302
2024-09,SKU-110,92
2024-09,SKU-111,74
2024-09,SKU-112,230
2024-09,SKU-113,41
2024-09,SKU-114,94
2024-09,SKU-115,87
2024-09,SKU-116,44
2024-09,SKU-117,55
2024-09,SKU-118,724
2024-09,SKU-119,277
2024-09,SKU-120,15
2024-09,SKU-121,113
2024-09,SKU-122,213
2024-09,SKU-123,138
2024-09,SKU-124,164
2024-09,SKU-125,136
2024-09,SKU-126,42
2024-09,SKU-127,131
2024-09,SKU-128,50
2024-10,SKU-001,176
2024-10,SKU-002,52
2024-10,SKU-003,141
2024-10,SKU-004,288
2024-10,SKU-005,52
2024-10,SKU-006,112
2024-10,SKU-007,210
2024-10,SKU-008,77
2024-10,SKU-009,340
2024-10,SKU-010,118
2024-10,SKU-011,218
2024-10,SKU-012,97
2024-10,SKU-013,807
2024-10,SKU-014,94
2024-10,SKU-015,194
2024-10,SKU-016,268
2024-10,SKU-017,456
2024-10,SKU-018,89
2024-10,SKU-019,636
2024-10,SKU-020,59
2024-10,SKU-021,494
2024-10,SKU-022,157
2024-10,SKU-023,127
2024-10,SKU-024,31
2024-10,SKU-025,499
2024-10,SKU-026,302
2024-10,SKU-027,213
2024-10,SKU-028,248
2024-10,SKU-029,60
2024-10,SKU-030,548
2024-10,SKU-031,154
2024-10,SKU-032,201
2024-10,SKU-033,275
2024-10,SKU-034,250
2024-10,SKU-035,93
2024-10,SKU-036,111
2024-10,SKU-037,229
2024-10,SKU-038,131
2024-10,SKU-039,380
2024-10,SKU-040,260
2024-10,SKU-041,715
2024-10,SKU-042,30
2024-10,SKU-043,248
2024-10,SKU-044,111
2024-10,SKU-045,102
2024-10,SKU-046,119
2024-10,SKU-047,93
2024-10,SKU-048,72
2024-10,SKU-049,116
2024-10,SKU-050,20
2024-10,SKU-051,76
2024-10,SKU-052,100
2024-10,SKU-053,82
2024-10,SKU-054,112
2024-10,SKU-055,190
2024-10,SKU-056,38
2024-10,SKU-057,146
2024-10,SKU-058,258
2024-10,SKU-059,24
2024-10,SKU-060,31
2024-10,SKU-061,88
2024-10,SKU-062,226
2024-10,SKU-063,167
2024-10,SKU-064,93
2024-10,SKU-065,38
2024-10,SKU-066,70
2024-10,SKU-067,135
2024-10,SKU-068,342
2024-10,SKU-069,88
2024-10,SKU-070,207
2024-10,SKU-071,54
2024-10,SKU-072,184
2024-10,SKU-073,126
2024-10,SKU-074,83
2024-10,SKU-075,73
2024-10,SKU-076,249
2024-10,SKU-077,411
2024-10,SKU-078,625
2024-10,SKU-079,23
2024-10,SKU-080,102
2024-10,SKU-081,32
2024-10,SKU-082,308
2024-10,SKU-083,137
2024-10,SKU-084,117
2024-10,SKU-085,384
2024-10,SKU-086,102
2024-10,SKU-087,626
2024-10,SKU-088,186
2024-10,SKU-089,119
2024-10,SKU-090,409
2024-10,SKU-091,124
2024-10,SKU-092,113
2024-10,SKU-093,380
2024-10,SKU-094,216
2024-10,SKU-095,204
2024-10,SKU-096,143
2024-10,SKU-097,79
2024-10,SKU-098,157
2024-10,SKU-099,103
2024-10,SKU-100,195
2024-10,SKU-101,277
2024-10,SKU-102,39
2024-10,SKU-103,146
2024-10,SKU-104,262
2024-10,SKU-105,127
2024-10,SKU-106,177
2024-10,SKU-107,352
2024-10,SKU-108,56
2024-10,SKU-109,296
2024-10,SKU-110,82
2024-10,SKU-111,76
2024-10,SKU-112,196
2024-10,SKU-113,41
2024-10,SKU-114,90
2024-10,SKU-115,81
2024-10,SKU-116,43
2024-10,SKU-117,35
2024-10,SKU-118,658
2024-10,SKU-119,250
2024-10,SKU-120,13
2024-10,SKU-121,119
2024-10,SKU-122,205
2024-10,SKU-123,147
2024-10,SKU-124,124
2024-10,SKU-125,123
2024-10,SKU-126,51
2024-10,SKU-127,148
2024-10,SKU-128,51
2024-11,SKU-001,195
2024-11,SKU-002,67
2024-11,SKU-003,165
2024-11,SKU-004,331
2024-11,SKU-005,52
2024-11,SKU-006,144
2024-11,SKU-007,249
2024-11,SKU-008,111
2024-11,SKU-009,359
2024-11,SKU-010,136
2024-11,SKU-011,240
2024-11,SKU-012,109
2024-11,SKU-013,830
2024-11,SKU-014,108
2024-11,SKU-015,216
2024-11,SKU-016,249
2024-11,SKU-017,462
2024-11,SKU-018,91
2024-11,SKU-019,677
2024-11,SKU-020,63
2024-11,SKU-021,536
2024-11,SKU-022,166
2024-11,SKU-023,113
2024-11,SKU-024,25
2024-11,SKU-025,432
2024-11,SKU-026,355
2024-11,SKU-027,211
2024-11,SKU-028,230
2024-11,SKU-029,44
2024-11,SKU-030,496
2024-11,SKU-031,145
2024-11,SKU-032,226
2024-11,SKU-033,247
2024-11,SKU-034,253
2024-11,SKU-035,93
2024-11,SKU-036,104
2024-11,SKU-037,202
2024-11,SKU-038,115
2024-11,SKU-039,361
2024-11,SKU-040,286
2024-11,SKU-041,627
2024-11,SKU-042,24
2024-11,SKU-043,199
2024-11,SKU-044,111
2024-11,SKU-045,86
2024-11,SKU-046,84
2024-11,SKU-047,55
2024-11,SKU-048,96
2024-11,SKU-049,116
2024-11,SKU-050,29
2024-11,SKU-051,70
2024-11,SKU-052,106
2024-11,SKU-053,75
2024-11,SKU-054,100
2024-11,SKU-055,151
2024-11,SKU-056,33
2024-11,SKU-057,151
2024-11,SKU-058,220
2024-11,SKU-059,39
2024-11,SKU-060,30
2024-11,SKU-061,99
2024-11,SKU-062,192
2024-11,SKU-063,183
2024-11,SKU-064,129
2024-11,SKU-065,41
2024-11,SKU-066,76
2024-11,SKU-067,166
2024-11,SKU-068,311
2024-11,SKU-069,82
2024-11,SKU-070,254
2024-11,SKU-071,56
2024-11,SKU-072,212
2024-11,SKU-073,133
2024-11,SKU-074,83
2024-11,SKU-075,86
2024-11,SKU-076,204
2024-11,SKU-077,468
2024-11,SKU-078,707
2024-11,SKU-079,32
2024-11,SKU-080,135
2024-11,SKU-081,40
2024-11,SKU-082,319
2024-11,SKU-083,144
2024-11,SKU-084,144
2024-11,SKU-085,407
2024-11,SKU-086,109
2024-11,SKU-087,613
2024-11,SKU-088,173
2024-11,SKU-089,122
2024-11,SKU-090,376
2024-11,SKU-091,124
2024-11,SKU-092,106
2024-11,SKU-093,332
2024-11,SKU-094,231
2024-11,SKU-095,189
2024-11,SKU-096,93
2024-11,SKU-097,72
2024-11,SKU-098,144
2024-11,SKU-099,117
2024-11,SKU-100,149
2024-11,SKU-101,253
2024-11,SKU-102,38
2024-11,SKU-103,124
2024-11,SKU-104,207
2024-11,SKU-105,131
2024-11,SKU-106,155
2024-11,SKU-107,297
2024-11,SKU-108,44
2024-11,SKU-109,277
2024-11,SKU-110,77
2024-11,SKU-111,73
2024-11,SKU-112,173
2024-11,SKU-113,28
2024-11,SKU-114,89
2024-11,SKU-115,73
2024-11,SKU-116,51
2024-11,SKU-117,43
2024-11,SKU-118,603
2024-11,SKU-119,236
2024-11,SKU-120,18
2024-11,SKU-121,109
2024-11,SKU-122,227
2024-11,SKU-123,115
2024-11,SKU-124,147
2024-11,SKU-125,128
2024-11,SKU-126,60
2024-11,SKU-127,149
2024-11,SKU-128,67
2024-12,SKU-001,251
2024-12,SKU-002,79
2024-12,SKU-003,183
2024-12,SKU-004,396
2024-12,SKU-005,59
2024-12,SKU-006,151
2024-12,SKU-007,228
2024-12,SKU-008,151
2024-12,SKU-009,429
2024-12,SKU-010,159
2024-12,SKU-011,287
2024-12,SKU-012,120
2024-12,SKU-013,978
2024-12,SKU-014,113
2024-12,SKU-015,198
2024-12,SKU-016,295
2024-12,SKU-017,528
2024-12,SKU-018,101
2024-12,SKU-019,697
2024-12,SKU-020,68
2024-12,SKU-021,551
2024-12,SKU-022,165
2024-12,SKU-023,121
2024-12,SKU-024,23
2024-12,SKU-025,499
2024-12,SKU-026,323
2024-12,SKU-027,213
2024-12,SKU-028,218
2024-12,SKU-029,44
2024-12,SKU-030,502
2024-12,SKU-031,122
2024-12,SKU-032,242
2024-12,SKU-033,257
2024-12,SKU-034,208
2024-12,SKU-035,96
2024-12,SKU-036,83
2024-12,SKU-037,196
2024-12,SKU-038,89
2024-12,SKU-039,328
2024-12,SKU-040,278
2024-12,SKU-041,542
2024-12,SKU-042,28
2024-12,SKU-043,192
2024-12,SKU-044,108
2024-12,SKU-045,113
2024-12,SKU-046,88
2024-12,SKU-047,70
2024-12,SKU-048,116
2024-12,SKU-049,96
2024-12,SKU-050,30
2024-12,SKU-051,74
2024-12,SKU-052,100
2024-12,SKU-053,73
2024-12,SKU-054,103
2024-12,SKU-055,175
2024-12,SKU-056,34
2024-12,SKU-057,194
2024-12,SKU-058,277
2024-12,SKU-059,35
2024-12,SKU-060,37
2024-12,SKU-061,121
2024-12,SKU-062,237
2024-12,SKU-063,186
2024-12,SKU-064,150
2024-12,SKU-065,28
2024-12,SKU-066,69
2024-12,SKU-067,178
2024-12,SKU-068,250
2024-12,SKU-069,106
2024-12,SKU-070,282
2024-12,SKU-071,57
2024-12,SKU-072,255
2024-12,SKU-073,150
2024-12,SKU-074,88
2024-12,SKU-075,98
2024-12,SKU-076,266
2024-12,SKU-077,444
2024-12,SKU-078,756
2024-12,SKU-079,36
2024-12,SKU-080,124
2024-12,SKU-081,40
2024-12,SKU-082,329
2024-12,SKU-083,126
2024-12,SKU-084,136
2024-12,SKU-085,345
2024-12,SKU-086,108
2024-12,SKU-087,643
2024-12,SKU-088,167
2024-12,SKU-089,114
2024-12,SKU-090,356
2024-12,SKU-091,110
2024-12,SKU-092,95
2024-12,SKU-093,325
2024-12,SKU-094,193
2024-12,SKU-095,183
2024-12,SKU-096,124
2024-12,SKU-097,70
2024-12,SKU-098,138
2024-12,SKU-099,64
2024-12,SKU-100,124
2024-12,SKU-101,215
2024-12,SKU-102,32
2024-12,SKU-103,102
2024-12,SKU-104,203
2024-12,SKU-105,112
2024-12,SKU-106,172
2024-12,SKU-107,281
2024-12,SKU-108,37
2024-12,SKU-109,222
2024-12,SKU-110,74
2024-12,SKU-111,67
2024-12,SKU-112,201
2024-12,SKU-113,27
2024-12,SKU-114,75
2024-12,SKU-115,70
2024-12,SKU-116,53
2024-12,SKU-117,42
2024-12,SKU-118,683
2024-12,SKU-119,283
2024-12,SKU-120,20
2024-12,SKU-121,138
2024-12,SKU-122,208
2024-12,SKU-123,144
2024-12,SKU-124,155
2024-12,SKU-125,154
2024-12,SKU-126,49
2024-12,SKU-127,177
2024-12,SKU-128,88
2025-01,SKU-001,262
2025-01,SKU-002,71
2025-01,SKU-003,191
2025-01,SKU-004,533
2025-01,SKU-005,59
2025-01,SKU-006,130
2025-01,SKU-007,280
2025-01,SKU-008,153
2025-01,SKU-009,482
2025-01,SKU-010,162
2025-01,SKU-011,292
2025-01,SKU-012,163
2025-01,SKU-013,928
2025-01,SKU-014,109
2025-01,SKU-015,208
2025-01,SKU-016,306
2025-01,SKU-017,507
2025-01,SKU-018,79
2025-01,SKU-019,656
2025-01,SKU-020,65
2025-01,SKU-021,538
2025-01,SKU-022,153
2025-01,SKU-023,127
2025-01,SKU-024,20
2025-01,SKU-025,401
2025-01,SKU-026,285
2025-01,SKU-027,223
2025-01,SKU-028,183
2025-01,SKU-029,32
2025-01,SKU-030,448
2025-01,SKU-031,111
2025-01,SKU-032,183
2025-01,SKU-033,215
2025-01,SKU-034,199
2025-01,SKU-035,79
2025-01,SKU-036,97
2025-01,SKU-037,197
2025-01,SKU-038,98
2025-01,SKU-039,269
2025-01,SKU-040,182
2025-01,SKU-041,531
2025-01,SKU-042,22
2025-01,SKU-043,179
2025-01,SKU-044,96
2025-01,SKU-045,89
2025-01,SKU-046,86
2025-01,SKU-047,68
2025-01,SKU-048,86
2025-01,SKU-049,122
2025-01,SKU-050,37
2025-01,SKU-051,78
2025-01,SKU-052,110
2025-01,SKU-053,90
2025-01,SKU-054,106
2025-01,SKU-055,192
2025-01,SKU-056,31
2025-01,SKU-057,200
2025-01,SKU-058,277
2025-01,SKU-059,48
2025-01,SKU-060,43
2025-01,SKU-061,109
2025-01,SKU-062,276
2025-01,SKU-063,211
2025-01,SKU-064,164
2025-01,SKU-065,49
2025-01,SKU-066,125
2025-01,SKU-067,214
2025-01,SKU-068,317
2025-01,SKU-069,96
2025-01,SKU-070,291
2025-01,SKU-071,65
2025-01,SKU-072,247
2025-01,SKU-073,156
2025-01,SKU-074,100
2025-01,SKU-075,95
2025-01,SKU-076,229
2025-01,SKU-077,461
2025-01,SKU-078,795
2025-01,SKU-079,39
2025-01,SKU-080,125
2025-01,SKU-081,58
2025-01,SKU-082,305
2025-01,SKU-083,142
2025-01,SKU-084,124
2025-01,SKU-085,351
2025-01,SKU-086,102
2025-01,SKU-087,563
2025-01,SKU-088,133
2025-01,SKU-089,121
2025-01,SKU-090,351
2025-01,SKU-091,77
2025-01,SKU-092,99
2025-01,SKU-093,268
2025-01,SKU-094,170
2025-01,SKU-095,170
2025-01,SKU-096,105
2025-01,SKU-097,75
2025-01,SKU-098,96
2025-01,SKU-099,87
2025-01,SKU-100,101
2025-01,SKU-101,184
2025-01,SKU-102,24
2025-01,SKU-103,95
2025-01,SKU-104,136
2025-01,SKU-105,94
2025-01,SKU-106,164
2025-01,SKU-107,277
2025-01,SKU-108,17
2025-01,SKU-109,227
2025-01,SKU-110,61
2025-01,SKU-111,69
2025-01,SKU-112,184
2025-01,SKU-113,36
2025-01,SKU-114,99
2025-01,SKU-115,69
2025-01,SKU-116,42
2025-01,SKU-117,57
2025-01,SKU-118,826
2025-01,SKU-119,293
2025-01,SKU-120,27
2025-01,SKU-121,122
2025-01,SKU-122,264
2025-01,SKU-123,168
2025-01,SKU-124,175
2025-01,SKU-125,188
2025-01,SKU-126,55
2025-01,SKU-127,189
2025-01,SKU-128,74
2025-02,SKU-001,272
2025-02,SKU-002,77
2025-02,SKU-003,227
2025-02,SKU-004,400
2025-02,SKU-005,62
2025-02,SKU-006,121
2025-02,SKU-007,234
2025-02,SKU-008,111
2025-02,SKU-009,421
2025-02,SKU-010,159
2025-02,SKU-011,308
2025-02,SKU-012,102
2025-02,SKU-013,842
2025-02,SKU-014,79
2025-02,SKU-015,191
2025-02,SKU-016,244
2025-02,SKU-017,388
2025-02,SKU-018,89
2025-02,SKU-019,553
2025-02,SKU-020,46
2025-02,SKU-021,424
2025-02,SKU-022,136
2025-02,SKU-023,88
2025-02,SKU-024,11
2025-02,SKU-025,347
2025-02,SKU-026,236
2025-02,SKU-027,154
2025-02,SKU-028,154
2025-02,SKU-029,34
2025-02,SKU-030,373
2025-02,SKU-031,87
2025-02,SKU-032,137
2025-02,SKU-033,154
2025-02,SKU-034,154
2025-02,SKU-035,58
2025-02,SKU-036,59
2025-02,SKU-037,142
2025-02,SKU-038,77
2025-02,SKU-039,254
2025-02,SKU-040,139
2025-02,SKU-041,532
2025-02,SKU-042,22
2025-02,SKU-043,172
2025-02,SKU-044,88
2025-02,SKU-045,83
2025-02,SKU-046,69
2025-02,SKU-047,59
2025-02,SKU-048,78
2025-02,SKU-049,114
2025-02,SKU-050,29
2025-02,SKU-051,76
2025-02,SKU-052,99
2025-02,SKU-053,67
2025-02,SKU-054,127
2025-02,SKU-055,199
2025-02,SKU-056,35
2025-02,SKU-057,174
2025-02,SKU-058,269
2025-02,SKU-059,40
2025-02,SKU-060,40
2025-02,SKU-061,130
2025-02,SKU-062,303
2025-02,SKU-063,236
2025-02,SKU-064,133
2025-02,SKU-065,42
2025-02,SKU-066,94
2025-02,SKU-067,216
2025-02,SKU-068,397
2025-02,SKU-069,82
2025-02,SKU-070,228
2025-02,SKU-071,49
2025-02,SKU-072,162
2025-02,SKU-073,124
2025-02,SKU-074,92
2025-02,SKU-075,87
2025-02,SKU-076,224
2025-02,SKU-077,409
2025-02,SKU-078,687
2025-02,SKU-079,26
2025-02,SKU-080,82
2025-02,SKU-081,27
2025-02,SKU-082,263
2025-02,SKU-083,94
2025-02,SKU-084,139
2025-02,SKU-085,300
2025-02,SKU-086,90
2025-02,SKU-087,439
2025-02,SKU-088,120
2025-02,SKU-089,77
2025-02,SKU-090,285
2025-02,SKU-091,79
2025-02,SKU-092,56
2025-02,SKU-093,222
2025-02,SKU-094,161
2025-02,SKU-095,141
2025-02,SKU-096,69
2025-02,SKU-097,59
2025-02,SKU-098,108
2025-02,SKU-099,59
2025-02,SKU-100,123
2025-02,SKU-101,166
2025-02,SKU-102,26
2025-02,SKU-103,90
2025-02,SKU-104,153
2025-02,SKU-105,109
2025-02,SKU-106,145
2025-02,SKU-107,288
2025-02,SKU-108,31
2025-02,SKU-109,256
2025-02,SKU-110,58
2025-02,SKU-111,70
2025-02,SKU-112,183
2025-02,SKU-113,31
2025-02,SKU-114,97
2025-02,SKU-115,74
2025-02,SKU-116,35
2025-02,SKU-117,54
2025-02,SKU-118,751
2025-02,SKU-119,288
2025-02,SKU-120,17
2025-02,SKU-121,153
2025-02,SKU-122,261
2025-02,SKU-123,160
2025-02,SKU-124,206
2025-02,SKU-125,183
2025-02,SKU-126,65
2025-02,SKU-127,207
2025-02,SKU-128,88
2025-03,SKU-001,328
2025-03,SKU-002,82
2025-03,SKU-003,207
2025-03,SKU-004,541
2025-03,SKU-005,50
2025-03,SKU-006,160
2025-03,SKU-007,287
2025-03,SKU-008,125
2025-03,SKU-009,454
2025-03,SKU-010,162
2025-03,SKU-011,279
2025-03,SKU-012,137
2025-03,SKU-013,866
2025-03,SKU-014,108
2025-03,SKU-015,189
2025-03,SKU-016,264
2025-03,SKU-017,436
2025-03,SKU-018,82
2025-03,SKU-019,610
2025-03,SKU-020,55
2025-03,SKU-021,419
2025-03,SKU-022,137
2025-03,SKU-023,93
2025-03,SKU-024,16
2025-03,SKU-025,303
2025-03,SKU-026,255
2025-03,SKU-027,165
2025-03,SKU-028,146
2025-03,SKU-029,36
2025-03,SKU-030,385
2025-03,SKU-031,112
2025-03,SKU-032,140
2025-03,SKU-033,162
2025-03,SKU-034,172
2025-03,SKU-035,65
2025-03,SKU-036,63
2025-03,SKU-037,182
2025-03,SKU-038,97
2025-03,SKU-039,318
2025-03,SKU-040,192
2025-03,SKU-041,572
2025-03,SKU-042,23
2025-03,SKU-043,207
2025-03,SKU-044,111
2025-03,SKU-045,90
2025-03,SKU-046,78
2025-03,SKU-047,81
2025-03,SKU-048,110
2025-03,SKU-049,128
2025-03,SKU-050,38
2025-03,SKU-051,111
2025-03,SKU-052,127
2025-03,SKU-053,113
2025-03,SKU-054,138
2025-03,SKU-055,242
2025-03,SKU-056,61
2025-03,SKU-057,210
2025-03,SKU-058,323
2025-03,SKU-059,42
2025-03,SKU-060,48
2025-03,SKU-061,139
2025-03,SKU-062,323
2025-03,SKU-063,228
2025-03,SKU-064,244
2025-03,SKU-065,50
2025-03,SKU-066,119
2025-03,SKU-067,236
2025-03,SKU-068,395
2025-03,SKU-069,94
2025-03,SKU-070,297
2025-03,SKU-071,79
2025-03,SKU-072,228
2025-03,SKU-073,151
2025-03,SKU-074,121
2025-03,SKU-075,94
2025-03,SKU-076,282
2025-03,SKU-077,434
2025-03,SKU-078,704
2025-03,SKU-079,25
2025-03,SKU-080,92
2025-03,SKU-081,36
2025-03,SKU-082,269
2025-03,SKU-083,129
2025-03,SKU-084,108
2025-03,SKU-085,324
2025-03,SKU-086,72
2025-03,SKU-087,491
2025-03,SKU-088,133
2025-03,SKU-089,107
2025-03,SKU-090,294
2025-03,SKU-091,69
2025-03,SKU-092,85
2025-03,SKU-093,247
2025-03,SKU-094,156
2025-03,SKU-095,137
2025-03,SKU-096,97
2025-03,SKU-097,69
2025-03,SKU-098,95
2025-03,SKU-099,75
2025-03,SKU-100,126
2025-03,SKU-101,203
2025-03,SKU-102,29
2025-03,SKU-103,96
2025-03,SKU-104,195
2025-03,SKU-105,101
2025-03,SKU-106,187
2025-03,SKU-107,361
2025-03,SKU-108,24
2025-03,SKU-109,268
2025-03,SKU-110,86
2025-03,SKU-111,81
2025-03,SKU-112,261
2025-03,SKU-113,45
2025-03,SKU-114,116
2025-03,SKU-115,92
2025-03,SKU-116,63
2025-03,SKU-117,68
2025-03,SKU-118,934
2025-03,SKU-119,325
2025-03,SKU-120,23
2025-03,SKU-121,193
2025-03,SKU-122,347
2025-03,SKU-123,175
2025-03,SKU-124,208
2025-03,SKU-125,206
2025-03,SKU-126,67
2025-03,SKU-127,190
2025-03,SKU-128,89
2025-04,SKU-001,318
2025-04,SKU-002,96
2025-04,SKU-003,247
2025-04,SKU-004,441
2025-04,SKU-005,52
2025-04,SKU-006,137
2025-04,SKU-007,247
2025-04,SKU-008,120
2025-04,SKU-009,377
2025-04,SKU-010,165
2025-04,SKU-011,256
2025-04,SKU-012,117
2025-04,SKU-013,715
2025-04,SKU-014,84
2025-04,SKU-015,159
2025-04,SKU-016,273
2025-04,SKU-017,351
2025-04,SKU-018,61
2025-04,SKU-019,530
2025-04,SKU-020,52
2025-04,SKU-021,331
2025-04,SKU-022,121
2025-04,SKU-023,85
2025-04,SKU-024,29
2025-04,SKU-025,278
2025-04,SKU-026,207
2025-04,SKU-027,136
2025-04,SKU-028,161
2025-04,SKU-029,34
2025-04,SKU-030,368
2025-04,SKU-031,92
2025-04,SKU-032,106
2025-04,SKU-033,181
2025-04,SKU-034,142
2025-04,SKU-035,55
2025-04,SKU-036,61
2025-04,SKU-037,143
2025-04,SKU-038,83
2025-04,SKU-039,313
2025-04,SKU-040,227
2025-04,SKU-041,603
2025-04,SKU-042,36
2025-04,SKU-043,201
2025-04,SKU-044,134
2025-04,SKU-045,110
2025-04,SKU-046,92
2025-04,SKU-047,84
2025-04,SKU-048,123
2025-04,SKU-049,132
2025-04,SKU-050,32
2025-04,SKU-051,90
2025-04,SKU-052,120
2025-04,SKU-053,132
2025-04,SKU-054,162
2025-04,SKU-055,233
2025-04,SKU-056,36
2025-04,SKU-057,246
2025-04,SKU-058,364
2025-04,SKU-059,48
2025-04,SKU-060,47
2025-04,SKU-061,141
2025-04,SKU-062,309
2025-04,SKU-063,257
2025-04,SKU-064,187
2025-04,SKU-065,47
2025-04,SKU-066,88
2025-04,SKU-067,234
2025-04,SKU-068,313
2025-04,SKU-069,81
2025-04,SKU-070,256
2025-04,SKU-071,42
2025-04,SKU-072,223
2025-04,SKU-073,123
2025-04,SKU-074,78
2025-04,SKU-075,85
2025-04,SKU-076,239
2025-04,SKU-077,333
2025-04,SKU-078,605
2025-04,SKU-079,32
2025-04,SKU-080,78
2025-04,SKU-081,29
2025-04,SKU-082,223
2025-04,SKU-083,87
2025-04,SKU-084,109
2025-04,SKU-085,274
2025-04,SKU-086,71
2025-04,SKU-087,409
2025-04,SKU-088,131
2025-04,SKU-089,82
2025-04,SKU-090,244
2025-04,SKU-091,74
2025-04,SKU-092,64
2025-04,SKU-093,225
2025-04,SKU-094,148
2025-04,SKU-095,129
2025-04,SKU-096,79
2025-04,SKU-097,55
2025-04,SKU-098,115
2025-04,SKU-099,79
2025-04,SKU-100,132
2025-04,SKU-101,214
2025-04,SKU-102,25
2025-04,SKU-103,103
2025-04,SKU-104,209
2025-04,SKU-105,102
2025-04,SKU-106,207
2025-04,SKU-107,338
2025-04,SKU-108,49
2025-04,SKU-109,306
2025-04,SKU-110,93
2025-04,SKU-111,91
2025-04,SKU-112,210
2025-04,SKU-113,33
2025-04,SKU-114,121
2025-04,SKU-115,98
2025-04,SKU-116,79
2025-04,SKU-117,57
2025-04,SKU-118,936
2025-04,SKU-119,392
2025-04,SKU-120,33
2025-04,SKU-121,173
2025-04,SKU-122,313
2025-04,SKU-123,180
2025-04,SKU-124,211
2025-04,SKU-125,184
2025-04,SKU-126,84
2025-04,SKU-127,216
2025-04,SKU-128,93
2025-05,SKU-001,294
2025-05,SKU-002,65
2025-05,SKU-003,213
2025-05,SKU-004,457
2025-05,SKU-005,58
2025-05,SKU-006,121
2025-05,SKU-007,228
2025-05,SKU-008,133
2025-05,SKU-009,392
2025-05,SKU-010,129
2025-05,SKU-011,238
2025-05,SKU-012,84
2025-05,SKU-013,689
2025-05,SKU-014,81
2025-05,SKU-015,161
2025-05,SKU-016,224
2025-05,SKU-017,344
2025-05,SKU-018,54
2025-05,SKU-019,460
2025-05,SKU-020,22
2025-05,SKU-021,362
2025-05,SKU-022,120
2025-05,SKU-023,91
2025-05,SKU-024,15
2025-05,SKU-025,328
2025-05,SKU-026,188
2025-05,SKU-027,141
2025-05,SKU-028,140
2025-05,SKU-029,34
2025-05,SKU-030,390
2025-05,SKU-031,85
2025-05,SKU-032,195
2025-05,SKU-033,207
2025-05,SKU-034,173
2025-05,SKU-035,57
2025-05,SKU-036,77
2025-05,SKU-037,204
2025-05,SKU-038,110
2025-05,SKU-039,373
2025-05,SKU-040,296
2025-05,SKU-041,698
2025-05,SKU-042,41
2025-05,SKU-043,283
2025-05,SKU-044,132
2025-05,SKU-045,101
2025-05,SKU-046,126
2025-05,SKU-047,110
2025-05,SKU-048,155
2025-05,SKU-049,165
2025-05,SKU-050,42
2025-05,SKU-051,112
2025-05,SKU-052,142
2025-05,SKU-053,107
2025-05,SKU-054,179
2025-05,SKU-055,243
2025-05,SKU-056,46
2025-05,SKU-057,238
2025-05,SKU-058,331
2025-05,SKU-059,67
2025-05,SKU-060,57
2025-05,SKU-061,140
2025-05,SKU-062,378
2025-05,SKU-063,222
2025-05,SKU-064,223
2025-05,SKU-065,37
2025-05,SKU-066,99
2025-05,SKU-067,223
2025-05,SKU-068,356
2025-05,SKU-069,83
2025-05,SKU-070,288
2025-05,SKU-071,47
2025-05,SKU-072,169
2025-05,SKU-073,139
2025-05,SKU-074,67
2025-05,SKU-075,67
2025-05,SKU-076,208
2025-05,SKU-077,304
2025-05,SKU-078,470
2025-05,SKU-079,29
2025-05,SKU-080,91
2025-05,SKU-081,28
2025-05,SKU-082,215
2025-05,SKU-083,82
2025-05,SKU-084,72
2025-05,SKU-085,248
2025-05,SKU-086,66
2025-05,SKU-087,427
2025-05,SKU-088,165
2025-05,SKU-089,79
2025-05,SKU-090,279
2025-05,SKU-091,81
2025-05,SKU-092,67
2025-05,SKU-093,227
2025-05,SKU-094,138
2025-05,SKU-095,153
2025-05,SKU-096,93
2025-05,SKU-097,65
2025-05,SKU-098,112
2025-05,SKU-099,69
2025-05,SKU-100,153
2025-05,SKU-101,231
2025-05,SKU-102,33
2025-05,SKU-103,123
2025-05,SKU-104,271
2025-05,SKU-105,128
2025-05,SKU-106,219
2025-05,SKU-107,444
2025-05,SKU-108,61
2025-05,SKU-109,341
2025-05,SKU-110,97
2025-05,SKU-111,94
2025-05,SKU-112,309
2025-05,SKU-113,52
2025-05,SKU-114,133
2025-05,SKU-115,103
2025-05,SKU-116,72
2025-05,SKU-117,69
2025-05,SKU-118,1034
2025-05,SKU-119,374
2025-05,SKU-120,29
2025-05,SKU-121,172
2025-05,SKU-122,314
2025-05,SKU-123,198
2025-05,SKU-124,242
2025-05,SKU-125,215
2025-05,SKU-126,55
2025-05,SKU-127,236
2025-05,SKU-128,90
2025-06,SKU-001,276
2025-06,SKU-002,72
2025-06,SKU-003,163
2025-06,SKU-004,332
2025-06,SKU-005,43
2025-06,SKU-006,102
2025-06,SKU-007,181
2025-06,SKU-008,107
2025-06,SKU-009,357
2025-06,SKU-010,109
2025-06,SKU-011,208
2025-06,SKU-012,89
2025-06,SKU-013,644
2025-06,SKU-014,63
2025-06,SKU-015,129
2025-06,SKU-016,130
2025-06,SKU-017,305
2025-06,SKU-018,59
2025-06,SKU-019,409
2025-06,SKU-020,32
2025-06,SKU-021,356
2025-06,SKU-022,100
2025-06,SKU-023,88
2025-06,SKU-024,17
2025-06,SKU-025,292
2025-06,SKU-026,242
2025-06,SKU-027,189
2025-06,SKU-028,179
2025-06,SKU-029,31
2025-06,SKU-030,399
2025-06,SKU-031,114
2025-06,SKU-032,158
2025-06,SKU-033,218
2025-06,SKU-034,221
2025-06,SKU-035,61
2025-06,SKU-036,76
2025-06,SKU-037,227
2025-06,SKU-038,123
2025-06,SKU-039,388
2025-06,SKU-040,242
2025-06,SKU-041,746
2025-06,SKU-042,41
2025-06,SKU-043,236
2025-06,SKU-044,120
2025-06,SKU-045,115
2025-06,SKU-046,121
2025-06,SKU-047,115
2025-06,SKU-048,127
2025-06,SKU-049,147
2025-06,SKU-050,40
2025-06,SKU-051,95
2025-06,SKU-052,165
2025-06,SKU-053,122
2025-06,SKU-054,140
2025-06,SKU-055,248
2025-06,SKU-056,50
2025-06,SKU-057,220
2025-06,SKU-058,350
2025-06,SKU-059,58
2025-06,SKU-060,51
2025-06,SKU-061,149
2025-06,SKU-062,287
2025-06,SKU-063,215
2025-06,SKU-064,193
2025-06,SKU-065,41
2025-06,SKU-066,88
2025-06,SKU-067,190
2025-06,SKU-068,318
2025-06,SKU-069,83
2025-06,SKU-070,220
2025-06,SKU-071,42
2025-06,SKU-072,173
2025-06,SKU-073,89
2025-06,SKU-074,60
2025-06,SKU-075,71
2025-06,SKU-076,206
2025-06,SKU-077,268
2025-06,SKU-078,469
2025-06,SKU-079,20
2025-06,SKU-080,63
2025-06,SKU-081,36
2025-06,SKU-082,231
2025-06,SKU-083,100
2025-06,SKU-084,76
2025-06,SKU-085,266
2025-06,SKU-086,80
2025-06,SKU-087,421
2025-06,SKU-088,120
2025-06,SKU-089,73
2025-06,SKU-090,311
2025-06,SKU-091,81
2025-06,SKU-092,92
2025-06,SKU-093,266
2025-06,SKU-094,185
2025-06,SKU-095,166
2025-06,SKU-096,117
2025-06,SKU-097,75
2025-06,SKU-098,128
2025-06,SKU-099,84
2025-06,SKU-100,175
2025-06,SKU-101,262
2025-06,SKU-102,28
2025-06,SKU-103,143
2025-06,SKU-104,297
2025-06,SKU-105,160
2025-06,SKU-106,229
2025-06,SKU-107,461
2025-06,SKU-108,51
2025-06,SKU-109,363
2025-06,SKU-110,87
2025-06,SKU-111,100
2025-06,SKU-112,216
2025-06,SKU-113,54
2025-06,SKU-114,126
2025-06,SKU-115,115
2025-06,SKU-116,53
2025-06,SKU-117,63
2025-06,SKU-118,968
2025-06,SKU-119,365
2025-06,SKU-120,25
2025-06,SKU-121,171
2025-06,SKU-122,295
2025-06,SKU-123,172
2025-06,SKU-124,216
2025-06,SKU-125,156
2025-06,SKU-126,51
2025-06,SKU-127,178
2025-06,SKU-128,84
2025-07,SKU-001,271
2025-07,SKU-002,65
2025-07,SKU-003,167
2025-07,SKU-004,431
2025-07,SKU-005,52
2025-07,SKU-006,117
2025-07,SKU-007,158
2025-07,SKU-008,93
2025-07,SKU-009,279
2025-07,SKU-010,128
2025-07,SKU-011,187
2025-07,SKU-012,97
2025-07,SKU-013,561
2025-07,SKU-014,76
2025-07,SKU-015,136
2025-07,SKU-016,174
2025-07,SKU-017,357
2025-07,SKU-018,56
2025-07,SKU-019,454
2025-07,SKU-020,48
2025-07,SKU-021,359
2025-07,SKU-022,134
2025-07,SKU-023,68
2025-07,SKU-024,14
2025-07,SKU-025,353
2025-07,SKU-026,250
2025-07,SKU-027,189
2025-07,SKU-028,201
2025-07,SKU-029,30
2025-07,SKU-030,428
2025-07,SKU-031,118
2025-07,SKU-032,190
2025-07,SKU-033,258
2025-07,SKU-034,256
2025-07,SKU-035,80
2025-07,SKU-036,86
2025-07,SKU-037,217
2025-07,SKU-038,160
2025-07,SKU-039,429
2025-07,SKU-040,376
2025-07,SKU-041,792
2025-07,SKU-042,34
2025-07,SKU-043,245
2025-07,SKU-044,141
2025-07,SKU-045,134
2025-07,SKU-046,121
2025-07,SKU-047,108
2025-07,SKU-048,138
2025-07,SKU-049,142
2025-07,SKU-050,48
2025-07,SKU-051,103
2025-07,SKU-052,111
2025-07,SKU-053,118
2025-07,SKU-054,141
2025-07,SKU-055,229
2025-07,SKU-056,31
2025-07,SKU-057,210
2025-07,SKU-058,313
2025-07,SKU-059,48
2025-07,SKU-060,47
2025-07,SKU-061,112
2025-07,SKU-062,268
2025-07,SKU-063,222
2025-07,SKU-064,173
2025-07,SKU-065,44
2025-07,SKU-066,71
2025-07,SKU-067,155
2025-07,SKU-068,288
2025-07,SKU-069,59
2025-07,SKU-070,206
2025-07,SKU-071,49
2025-07,SKU-072,171
2025-07,SKU-073,83
2025-07,SKU-074,63
2025-07,SKU-075,71
2025-07,SKU-076,134
2025-07,SKU-077,276
2025-07,SKU-078,469
2025-07,SKU-079,22
2025-07,SKU-080,83
2025-07,SKU-081,33
2025-07,SKU-082,239
2025-07,SKU-083,80
2025-07,SKU-084,103
2025-07,SKU-085,278
2025-07,SKU-086,86
2025-07,SKU-087,494
2025-07,SKU-088,115
2025-07,SKU-089,109
2025-07,SKU-090,339
2025-07,SKU-091,117
2025-07,SKU-092,66
2025-07,SKU-093,296
2025-07,SKU-094,192
2025-07,SKU-095,191
2025-07,SKU-096,127
2025-07,SKU-097,73
2025-07,SKU-098,146
2025-07,SKU-099,92
2025-07,SKU-100,206
2025-07,SKU-101,276
2025-07,SKU-102,40
2025-07,SKU-103,146
2025-07,SKU-104,273
2025-07,SKU-105,153
2025-07,SKU-106,237
2025-07,SKU-107,488
2025-07,SKU-108,43
2025-07,SKU-109,379
2025-07,SKU-110,105
2025-07,SKU-111,99
2025-07,SKU-112,272
2025-07,SKU-113,46
2025-07,SKU-114,132
2025-07,SKU-115,92
2025-07,SKU-116,55
2025-07,SKU-117,61
2025-07,SKU-118,875
2025-07,SKU-119,344
2025-07,SKU-120,22
2025-07,SKU-121,162
2025-07,SKU-122,253
2025-07,SKU-123,159
2025-07,SKU-124,166
2025-07,SKU-125,172
2025-07,SKU-126,51
2025-07,SKU-127,152
2025-07,SKU-128,52
2025-08,SKU-001,204
2025-08,SKU-002,60
2025-08,SKU-003,151
2025-08,SKU-004,317
2025-08,SKU-005,50
2025-08,SKU-006,94
2025-08,SKU-007,181
2025-08,SKU-008,82
2025-08,SKU-009,285
2025-08,SKU-010,102
2025-08,SKU-011,197
2025-08,SKU-012,104
2025-08,SKU-013,603
2025-08,SKU-014,84
2025-08,SKU-015,138
2025-08,SKU-016,205
2025-08,SKU-017,357
2025-08,SKU-018,65
2025-08,SKU-019,517
2025-08,SKU-020,77
2025-08,SKU-021,418
2025-08,SKU-022,135
2025-08,SKU-023,88
2025-08,SKU-024,15
2025-08,SKU-025,384
2025-08,SKU-026,313
2025-08,SKU-027,214
2025-08,SKU-028,163
2025-08,SKU-029,47
2025-08,SKU-030,523
2025-08,SKU-031,134
2025-08,SKU-032,232
2025-08,SKU-033,275
2025-08,SKU-034,252
2025-08,SKU-035,103
2025-08,SKU-036,98
2025-08,SKU-037,234
2025-08,SKU-038,165
2025-08,SKU-039,489
2025-08,SKU-040,351
2025-08,SKU-041,850
2025-08,SKU-042,37
2025-08,SKU-043,278
2025-08,SKU-044,161
2025-08,SKU-045,128
2025-08,SKU-046,125
2025-08,SKU-047,117
2025-08,SKU-048,100
2025-08,SKU-049,163
2025-08,SKU-050,29
2025-08,SKU-051,85
2025-08,SKU-052,176
2025-08,SKU-053,96
2025-08,SKU-054,133
2025-08,SKU-055,214
2025-08,SKU-056,42
2025-08,SKU-057,212
2025-08,SKU-058,286
2025-08,SKU-059,52
2025-08,SKU-060,35
2025-08,SKU-061,132
2025-08,SKU-062,256
2025-08,SKU-063,193
2025-08,SKU-064,146
2025-08,SKU-065,31
2025-08,SKU-066,64
2025-08,SKU-067,162
2025-08,SKU-068,255
2025-08,SKU-069,59
2025-08,SKU-070,191
2025-08,SKU-071,45
2025-08,SKU-072,141
2025-08,SKU-073,99
2025-08,SKU-074,49
2025-08,SKU-075,80
2025-08,SKU-076,167
2025-08,SKU-077,299
2025-08,SKU-078,561
2025-08,SKU-079,15
2025-08,SKU-080,85
2025-08,SKU-081,40
2025-08,SKU-082,259
2025-08,SKU-083,109
2025-08,SKU-084,124
2025-08,SKU-085,318
2025-08,SKU-086,115
2025-08,SKU-087,561
2025-08,SKU-088,131
2025-08,SKU-089,111
2025-08,SKU-090,350
2025-08,SKU-091,110
2025-08,SKU-092,107
2025-08,SKU-093,311
2025-08,SKU-094,220
2025-08,SKU-095,177
2025-08,SKU-096,141
2025-08,SKU-097,86
2025-08,SKU-098,147
2025-08,SKU-099,101
2025-08,SKU-100,172
2025-08,SKU-101,306
2025-08,SKU-102,55
2025-08,SKU-103,136
2025-08,SKU-104,314
2025-08,SKU-105,152
2025-08,SKU-106,257
2025-08,SKU-107,446
2025-08,SKU-108,60
2025-08,SKU-109,362
2025-08,SKU-110,114
2025-08,SKU-111,101
2025-08,SKU-112,261
2025-08,SKU-113,51
2025-08,SKU-114,89
2025-08,SKU-115,77
2025-08,SKU-116,56
2025-08,SKU-117,47
2025-08,SKU-118,818
2025-08,SKU-119,289
2025-08,SKU-120,29
2025-08,SKU-121,137
2025-08,SKU-122,271
2025-08,SKU-123,143
2025-08,SKU-124,165
2025-08,SKU-125,146
2025-08,SKU-126,48
2025-08,SKU-127,145
2025-08,SKU-128,61
2025-09,SKU-001,216
2025-09,SKU-002,61
2025-09,SKU-003,145
2025-09,SKU-004,322
2025-09,SKU-005,38
2025-09,SKU-006,91
2025-09,SKU-007,175
2025-09,SKU-008,123
2025-09,SKU-009,303
2025-09,SKU-010,100
2025-09,SKU-011,194
2025-09,SKU-012,83
2025-09,SKU-013,670
2025-09,SKU-014,86
2025-09,SKU-015,174
2025-09,SKU-016,200
2025-09,SKU-017,396
2025-09,SKU-018,75
2025-09,SKU-019,601
2025-09,SKU-020,53
2025-09,SKU-021,433
2025-09,SKU-022,151
2025-09,SKU-023,135
2025-09,SKU-024,20
2025-09,SKU-025,381
2025-09,SKU-026,318
2025-09,SKU-027,210
2025-09,SKU-028,228
2025-09,SKU-029,51
2025-09,SKU-030,523
2025-09,SKU-031,153
2025-09,SKU-032,235
2025-09,SKU-033,280
2025-09,SKU-034,273
2025-09,SKU-035,89
2025-09,SKU-036,120
2025-09,SKU-037,240
2025-09,SKU-038,134
2025-09,SKU-039,418
2025-09,SKU-040,303
2025-09,SKU-041,782
2025-09,SKU-042,37
2025-09,SKU-043,250
2025-09,SKU-044,101
2025-09,SKU-045,97
2025-09,SKU-046,114
2025-09,SKU-047,76
2025-09,SKU-048,118
2025-09,SKU-049,137
2025-09,SKU-050,39
2025-09,SKU-051,84
2025-09,SKU-052,113
2025-09,SKU-053,90
2025-09,SKU-054,99
2025-09,SKU-055,196
2025-09,SKU-056,36
2025-09,SKU-057,182
2025-09,SKU-058,216
2025-09,SKU-059,33
2025-09,SKU-060,33
2025-09,SKU-061,102
2025-09,SKU-062,236
2025-09,SKU-063,138
2025-09,SKU-064,149
2025-09,SKU-065,34
2025-09,SKU-066,69
2025-09,SKU-067,130
2025-09,SKU-068,230
2025-09,SKU-069,73
2025-09,SKU-070,218
2025-09,SKU-071,41
2025-09,SKU-072,151
2025-09,SKU-073,113
2025-09,SKU-074,72
2025-09,SKU-075,72
2025-09,SKU-076,157
2025-09,SKU-077,336
2025-09,SKU-078,565
2025-09,SKU-079,23
2025-09,SKU-080,93
2025-09,SKU-081,28
2025-09,SKU-082,282
2025-09,SKU-083,125
2025-09,SKU-084,102
2025-09,SKU-085,321
2025-09,SKU-086,87
2025-09,SKU-087,587
2025-09,SKU-088,167
2025-09,SKU-089,119
2025-09,SKU-090,361
2025-09,SKU-091,120
2025-09,SKU-092,96
2025-09,SKU-093,361
2025-09,SKU-094,201
2025-09,SKU-095,210
2025-09,SKU-096,134
2025-09,SKU-097,91
2025-09,SKU-098,164
2025-09,SKU-099,120
2025-09,SKU-100,200
2025-09,SKU-101,310
2025-09,SKU-102,37
2025-09,SKU-103,149
2025-09,SKU-104,222
2025-09,SKU-105,148
2025-09,SKU-106,231
2025-09,SKU-107,409
2025-09,SKU-108,53
2025-09,SKU-109,320
2025-09,SKU-110,86
2025-09,SKU-111,73
2025-09,SKU-112,304
2025-09,SKU-113,34
2025-09,SKU-114,107
2025-09,SKU-115,74
2025-09,SKU-116,34
2025-09,SKU-117,59
2025-09,SKU-118,699
2025-09,SKU-119,270
2025-09,SKU-120,20
2025-09,SKU-121,125
2025-09,SKU-122,187
2025-09,SKU-123,98
2025-09,SKU-124,115
2025-09,SKU-125,115
2025-09,SKU-126,37
2025-09,SKU-127,136
2025-09,SKU-128,59
2025-10,SKU-001,218
2025-10,SKU-002,56
2025-10,SKU-003,172
2025-10,SKU-004,343
2025-10,SKU-005,48
2025-10,SKU-006,111
2025-10,SKU-007,201
2025-10,SKU-008,100
2025-10,SKU-009,348
2025-10,SKU-010,135
2025-10,SKU-011,237
2025-10,SKU-012,82
2025-10,SKU-013,767
2025-10,SKU-014,94
2025-10,SKU-015,156
2025-10,SKU-016,289
2025-10,SKU-017,444
2025-10,SKU-018,78
2025-10,SKU-019,674
2025-10,SKU-020,59
2025-10,SKU-021,479
2025-10,SKU-022,158
2025-10,SKU-023,110
2025-10,SKU-024,25
2025-10,SKU-025,484
2025-10,SKU-026,317
2025-10,SKU-027,225
2025-10,SKU-028,227
2025-10,SKU-029,55
2025-10,SKU-030,543
2025-10,SKU-031,127
2025-10,SKU-032,176
2025-10,SKU-033,258
2025-10,SKU-034,242
2025-10,SKU-035,93
2025-10,SKU-036,72
2025-10,SKU-037,249
2025-10,SKU-038,130
2025-10,SKU-039,378
2025-10,SKU-040,269
2025-10,SKU-041,732
2025-10,SKU-042,43
2025-10,SKU-043,218
2025-10,SKU-044,111
2025-10,SKU-045,105
2025-10,SKU-046,102
2025-10,SKU-047,84
2025-10,SKU-048,95
2025-10,SKU-049,138
2025-10,SKU-050,29
2025-10,SKU-051,79
2025-10,SKU-052,119
2025-10,SKU-053,83
2025-10,SKU-054,93
2025-10,SKU-055,167
2025-10,SKU-056,47
2025-10,SKU-057,153
2025-10,SKU-058,234
2025-10,SKU-059,33
2025-10,SKU-060,36
2025-10,SKU-061,106
2025-10,SKU-062,179
2025-10,SKU-063,153
2025-10,SKU-064,135
2025-10,SKU-065,37
2025-10,SKU-066,64
2025-10,SKU-067,171
2025-10,SKU-068,328
2025-10,SKU-069,82
2025-10,SKU-070,199
2025-10,SKU-071,45
2025-10,SKU-072,197
2025-10,SKU-073,94
2025-10,SKU-074,77
2025-10,SKU-075,78
2025-10,SKU-076,228
2025-10,SKU-077,400
2025-10,SKU-078,659
2025-10,SKU-079,24
2025-10,SKU-080,107
2025-10,SKU-081,34
2025-10,SKU-082,320
2025-10,SKU-083,111
2025-10,SKU-084,155
2025-10,SKU-085,361
2025-10,SKU-086,103
2025-10,SKU-087,595
2025-10,SKU-088,156
2025-10,SKU-089,122
2025-10,SKU-090,413
2025-10,SKU-091,138
2025-10,SKU-092,112
2025-10,SKU-093,360
2025-10,SKU-094,229
2025-10,SKU-095,194
2025-10,SKU-096,150
2025-10,SKU-097,66
2025-10,SKU-098,143
2025-10,SKU-099,108
2025-10,SKU-100,198
2025-10,SKU-101,238
2025-10,SKU-102,40
2025-10,SKU-103,95
2025-10,SKU-104,241
2025-10,SKU-105,130
2025-10,SKU-106,192
2025-10,SKU-107,333
2025-10,SKU-108,39
2025-10,SKU-109,344
2025-10,SKU-110,75
2025-10,SKU-111,62
2025-10,SKU-112,219
2025-10,SKU-113,30
2025-10,SKU-114,91
2025-10,SKU-115,72
2025-10,SKU-116,46
2025-10,SKU-117,54
2025-10,SKU-118,686
2025-10,SKU-119,225
2025-10,SKU-120,16
2025-10,SKU-121,111
2025-10,SKU-122,198
2025-10,SKU-123,114
2025-10,SKU-124,134
2025-10,SKU-125,134
2025-10,SKU-126,42
2025-10,SKU-127,143
2025-10,SKU-128,70
2025-11,SKU-001,234
2025-11,SKU-002,61
2025-11,SKU-003,168
2025-11,SKU-004,405
2025-11,SKU-005,64
2025-11,SKU-006,119
2025-11,SKU-007,251
2025-11,SKU-008,115
2025-11,SKU-009,381
2025-11,SKU-010,127
2025-11,SKU-011,250
2025-11,SKU-012,133
2025-11,SKU-013,824
2025-11,SKU-014,97
2025-11,SKU-015,231
2025-11,SKU-016,290
2025-11,SKU-017,443
2025-11,SKU-018,83
2025-11,SKU-019,654
2025-11,SKU-020,56
2025-11,SKU-021,520
2025-11,SKU-022,170
2025-11,SKU-023,118
2025-11,SKU-024,28
2025-11,SKU-025,492
2025-11,SKU-026,319
2025-11,SKU-027,206
2025-11,SKU-028,206
2025-11,SKU-029,47
2025-11,SKU-030,528
2025-11,SKU-031,139
2025-11,SKU-032,154
2025-11,SKU-033,267
2025-11,SKU-034,238
2025-11,SKU-035,78
2025-11,SKU-036,80
2025-11,SKU-037,193
2025-11,SKU-038,117
2025-11,SKU-039,376
2025-11,SKU-040,245
2025-11,SKU-041,686
2025-11,SKU-042,23
2025-11,SKU-043,185
2025-11,SKU-044,112
2025-11,SKU-045,109
2025-11,SKU-046,102
2025-11,SKU-047,81
2025-11,SKU-048,77
2025-11,SKU-049,101
2025-11,SKU-050,36
2025-11,SKU-051,65
2025-11,SKU-052,62
2025-11,SKU-053,92
2025-11,SKU-054,113
2025-11,SKU-055,158
2025-11,SKU-056,32
2025-11,SKU-057,169
2025-11,SKU-058,236
2025-11,SKU-059,30
2025-11,SKU-060,32
2025-11,SKU-061,107
2025-11,SKU-062,254
2025-11,SKU-063,157
2025-11,SKU-064,123
2025-11,SKU-065,29
2025-11,SKU-066,62
2025-11,SKU-067,164
2025-11,SKU-068,332
2025-11,SKU-069,70
2025-11,SKU-070,216
2025-11,SKU-071,57
2025-11,SKU-072,210
2025-11,SKU-073,102
2025-11,SKU-074,69
2025-11,SKU-075,98
2025-11,SKU-076,209
2025-11,SKU-077,452
2025-11,SKU-078,716
2025-11,SKU-079,33
2025-11,SKU-080,130
2025-11,SKU-081,35
2025-11,SKU-082,327
2025-11,SKU-083,133
2025-11,SKU-084,102
2025-11,SKU-085,401
2025-11,SKU-086,98
2025-11,SKU-087,639
2025-11,SKU-088,194
2025-11,SKU-089,149
2025-11,SKU-090,390
2025-11,SKU-091,126
2025-11,SKU-092,107
2025-11,SKU-093,336
2025-11,SKU-094,226
2025-11,SKU-095,218
2025-11,SKU-096,110
2025-11,SKU-097,90
2025-11,SKU-098,137
2025-11,SKU-099,101
2025-11,SKU-100,150
2025-11,SKU-101,238
2025-11,SKU-102,33
2025-11,SKU-103,102
2025-11,SKU-104,189
2025-11,SKU-105,123
2025-11,SKU-106,172
2025-11,SKU-107,326
2025-11,SKU-108,43
2025-11,SKU-109,232
2025-11,SKU-110,89
2025-11,SKU-111,69
2025-11,SKU-112,210
2025-11,SKU-113,36
2025-11,SKU-114,88
2025-11,SKU-115,70
2025-11,SKU-116,40
2025-11,SKU-117,47
2025-11,SKU-118,659
2025-11,SKU-119,260
2025-11,SKU-120,15
2025-11,SKU-121,131
2025-11,SKU-122,208
2025-11,SKU-123,130
2025-11,SKU-124,150
2025-11,SKU-125,160
2025-11,SKU-126,43
2025-11,SKU-127,138
2025-11,SKU-128,77
2025-12,SKU-001,245
2025-12,SKU-002,59
2025-12,SKU-003,165
2025-12,SKU-004,452
2025-12,SKU-005,57
2025-12,SKU-006,130
2025-12,SKU-007,266
2025-12,SKU-008,141
2025-12,SKU-009,417
2025-12,SKU-010,158
2025-12,SKU-011,306
2025-12,SKU-012,126
2025-12,SKU-013,889
2025-12,SKU-014,106
2025-12,SKU-015,213
2025-12,SKU-016,308
2025-12,SKU-017,480
2025-12,SKU-018,86
2025-12,SKU-019,678
2025-12,SKU-020,75
2025-12,SKU-021,565
2025-12,SKU-022,150
2025-12,SKU-023,135
2025-12,SKU-024,23
2025-12,SKU-025,448
2025-12,SKU-026,340
2025-12,SKU-027,190
2025-12,SKU-028,156
2025-12,SKU-029,50
2025-12,SKU-030,491
2025-12,SKU-031,105
2025-12,SKU-032,180
2025-12,SKU-033,234
2025-12,SKU-034,214
2025-12,SKU-035,74
2025-12,SKU-036,85
2025-12,SKU-037,177
2025-12,SKU-038,122
2025-12,SKU-039,332
2025-12,SKU-040,265
2025-12,SKU-041,592
2025-12,SKU-042,27
2025-12,SKU-043,193
2025-12,SKU-044,66
2025-12,SKU-045,87
2025-12,SKU-046,75
2025-12,SKU-047,59
2025-12,SKU-048,83
2025-12,SKU-049,118
2025-12,SKU-050,28
2025-12,SKU-051,67
2025-12,SKU-052,117
2025-12,SKU-053,67
2025-12,SKU-054,91
2025-12,SKU-055,172
2025-12,SKU-056,43
2025-12,SKU-057,194
2025-12,SKU-058,229
2025-12,SKU-059,37
2025-12,SKU-060,36
2025-12,SKU-061,120
2025-12,SKU-062,235
2025-12,SKU-063,189
2025-12,SKU-064,167
2025-12,SKU-065,39
2025-12,SKU-066,99
2025-12,SKU-067,188
2025-12,SKU-068,343
2025-12,SKU-069,107
2025-12,SKU-070,266
2025-12,SKU-071,56
2025-12,SKU-072,203
2025-12,SKU-073,132
2025-12,SKU-074,91
2025-12,SKU-075,101
2025-12,SKU-076,289
2025-12,SKU-077,446
2025-12,SKU-078,741
2025-12,SKU-079,38
2025-12,SKU-080,114
2025-12,SKU-081,38
2025-12,SKU-082,350
2025-12,SKU-083,106
2025-12,SKU-084,164
2025-12,SKU-085,365
2025-12,SKU-086,106
2025-12,SKU-087,675
2025-12,SKU-088,146
2025-12,SKU-089,134
2025-12,SKU-090,374
2025-12,SKU-091,105
2025-12,SKU-092,120
2025-12,SKU-093,301
2025-12,SKU-094,217
2025-12,SKU-095,173
2025-12,SKU-096,122
2025-12,SKU-097,76
2025-12,SKU-098,118
2025-12,SKU-099,81
2025-12,SKU-100,138
2025-12,SKU-101,209
2025-12,SKU-102,33
2025-12,SKU-103,104
2025-12,SKU-104,238
2025-12,SKU-105,111
2025-12,SKU-106,168
2025-12,SKU-107,325
2025-12,SKU-108,40
2025-12,SKU-109,266
2025-12,SKU-110,60
2025-12,SKU-111,59
2025-12,SKU-112,161
2025-12,SKU-113,29
2025-12,SKU-114,79
2025-12,SKU-115,84
2025-12,SKU-116,50
2025-12,SKU-117,45
2025-12,SKU-118,666
2025-12,SKU-119,277
2025-12,SKU-120,20
2025-12,SKU-121,120
2025-12,SKU-122,238
2025-12,SKU-123,143
2025-12,SKU-124,173
2025-12,SKU-125,142
2025-12,SKU-126,56
2025-12,SKU-127,155
2025-12,SKU-128,56
